"id","option_text","created_at","updated_at","value","is_linked_with_other_option"
"1",NULL,"2021-02-24 06:00:26","2021-02-24 06:00:26",0,False
"2",NULL,"2021-02-24 06:00:26","2021-02-24 06:00:26",1,False
"3",NULL,"2021-02-24 06:00:26","2021-02-24 06:00:26",2,False
"4",NULL,"2021-02-24 06:00:26","2021-02-24 06:00:26",3,False
"5",NULL,"2021-02-24 06:00:26","2021-02-24 06:00:26",0,False
"6",NULL,"2021-02-24 06:00:26","2021-02-24 06:00:26",10,False
"7",NULL,"2021-02-24 06:00:26","2021-02-24 06:00:26",0,False
"8",NULL,"2021-02-24 06:00:26","2021-02-24 06:00:26",10,False
"9",NULL,"2021-02-24 06:00:26","2021-02-24 06:00:26",0,False
"10",NULL,"2021-02-24 06:00:26","2021-02-24 06:00:26",10,False
"11",NULL,"2021-02-24 06:00:26","2021-02-24 06:00:26",0,False
"12",NULL,"2021-02-24 06:00:26","2021-02-24 06:00:26",10,False
"13",NULL,"2021-02-24 06:00:26","2021-02-24 06:00:26",0,False
"14",NULL,"2021-02-24 06:00:26","2021-02-24 06:00:26",10,False
"15",NULL,"2021-02-24 06:00:26","2021-02-24 06:00:26",0,False
"16",NULL,"2021-02-24 06:00:26","2021-02-24 06:00:26",10,False
"17",NULL,"2021-02-24 06:00:26","2021-02-24 06:00:26",0,False
"18",NULL,"2021-02-24 06:00:26","2021-02-24 06:00:26",10,False
"19",NULL,"2021-02-24 06:00:26","2021-02-24 06:00:26",0,False
"20",NULL,"2021-02-24 06:00:26","2021-02-24 06:00:26",10,False
"21",NULL,"2021-02-24 06:00:26","2021-02-24 06:00:26",0,False
"22",NULL,"2021-02-24 06:00:26","2021-02-24 06:00:26",10,False
"23",NULL,"2021-02-24 06:00:26","2021-02-24 06:00:26",0,False
"24",NULL,"2021-02-24 06:00:26","2021-02-24 06:00:26",10,False
"25",NULL,"2021-02-24 06:00:26","2021-02-24 06:00:26",0,False
"26",NULL,"2021-02-24 06:00:26","2021-02-24 06:00:26",10,False
"27",NULL,"2021-02-24 06:00:26","2021-02-24 06:00:26",1,False
"28",NULL,"2021-02-24 06:00:26","2021-02-24 06:00:26",2,False
"29",NULL,"2021-02-24 06:00:26","2021-02-24 06:00:26",3,False
"30",NULL,"2021-02-24 06:00:26","2021-02-24 06:00:26",4,False
"31",NULL,"2021-02-24 06:00:26","2021-02-24 06:00:26",5,False
"32",NULL,"2021-02-24 06:00:26","2021-02-24 06:00:26",6,False
"33",NULL,"2021-02-24 06:00:26","2021-02-24 06:00:26",7,False
"34",NULL,"2021-02-24 06:00:26","2021-02-24 06:00:26",8,False
"35",NULL,"2021-02-24 06:00:26","2021-02-24 06:00:26",9,False
"36",NULL,"2021-02-24 06:00:26","2021-02-24 06:00:26",0,False
"37",NULL,"2021-02-24 06:00:26","2021-02-24 06:00:26",1,False
"38","","2021-04-28 09:30:00","2021-04-28 09:30:00",NULL,False
"39","","2021-04-28 09:30:00","2021-04-28 09:30:00",NULL,False
"40","","2021-04-28 09:30:00","2021-04-28 09:30:00",NULL,False
"41","","2021-04-28 09:30:00","2021-04-28 09:30:00",NULL,False
"42","","2021-04-28 09:30:00","2021-04-28 09:30:00",NULL,False
"43","","2021-04-28 09:30:00","2021-04-28 09:30:00",NULL,False
"44","","2021-04-28 09:30:00","2021-04-28 09:30:00",NULL,False
"45","","2021-04-28 09:30:00","2021-04-28 09:30:00",NULL,False
"46","","2021-04-28 09:30:00","2021-04-28 09:30:00",NULL,False
"47","","2021-04-28 09:30:00","2021-04-28 09:30:00",NULL,False
"48","","2021-04-28 09:30:00","2021-04-28 09:30:00",NULL,False
"49","","2021-04-28 09:30:00","2021-04-28 09:30:00",NULL,False
"50","","2021-04-28 09:30:00","2021-04-28 09:30:00",NULL,False
"51","","2021-04-28 09:30:00","2021-04-28 09:30:00",NULL,False
"52","","2021-04-28 09:30:00","2021-04-28 09:30:00",NULL,False
"53","","2021-04-28 09:30:00","2021-04-28 09:30:00",NULL,False
"54","","2021-04-28 09:30:00","2021-04-28 09:30:00",NULL,False
"55","","2021-04-28 09:30:00","2021-04-28 09:30:00",NULL,False
"56","","2021-04-28 09:30:00","2021-04-28 09:30:00",NULL,False
"57","","2021-04-28 09:30:00","2021-04-28 09:30:00",NULL,False
"58","","2021-04-28 09:30:00","2021-04-28 09:30:00",NULL,False
"59","","2021-04-28 09:30:00","2021-04-28 09:30:00",NULL,False
"60","","2021-04-28 09:30:00","2021-04-28 09:30:00",NULL,False
"61","","2021-04-28 09:30:00","2021-04-28 09:30:00",NULL,False
"62","","2021-04-28 09:30:00","2021-04-28 09:30:00",NULL,False
"63","","2021-04-28 09:30:00","2021-04-28 09:30:00",NULL,False
"64","","2021-04-28 09:30:00","2021-04-28 09:30:00",NULL,False
"65","","2021-04-28 09:30:00","2021-04-28 09:30:00",NULL,False
"66","","2021-04-28 09:30:00","2021-04-28 09:30:00",NULL,False
"67","","2021-04-28 09:30:00","2021-04-28 09:30:00",NULL,False
"68","","2021-04-28 09:30:00","2021-04-28 09:30:00",NULL,False
"69","","2021-04-28 09:30:00","2021-04-28 09:30:00",NULL,False
"70","","2021-04-28 09:30:00","2021-04-28 09:30:00",NULL,False
"71","","2021-04-28 09:30:00","2021-04-28 09:30:00",NULL,False
"72","","2021-04-28 09:30:00","2021-04-28 09:30:00",NULL,False
"73","","2021-04-28 09:30:00","2021-04-28 09:30:00",NULL,False
"74","","2021-04-28 09:30:00","2021-04-28 09:30:00",NULL,False
"75","","2021-04-28 09:30:00","2021-04-28 09:30:00",NULL,False
"76","","2021-04-28 09:30:00","2021-04-28 09:30:00",NULL,False
"77","","2021-04-28 09:30:00","2021-04-28 09:30:00",NULL,False
"78","","2021-04-28 09:30:00","2021-04-28 09:30:00",NULL,False
"79","","2021-04-28 09:30:00","2021-04-28 09:30:00",NULL,False
"80","","2021-04-28 09:30:00","2021-04-28 09:30:00",NULL,False
"81","","2021-04-28 09:30:00","2021-04-28 09:30:00",NULL,False
"82","","2021-04-28 09:30:00","2021-04-28 09:30:00",NULL,False
"83","","2021-04-28 09:30:00","2021-04-28 09:30:00",NULL,False
"84","","2021-04-28 09:30:00","2021-04-28 09:30:00",NULL,False
"85","","2021-04-28 09:30:00","2021-04-28 09:30:00",NULL,False
"86","","2021-04-28 09:30:00","2021-04-28 09:30:00",NULL,False
"87","","2021-04-28 09:30:00","2021-04-28 09:30:00",NULL,False
"88","","2021-04-28 09:30:00","2021-04-28 09:30:00",NULL,False
"89","","2021-04-28 09:30:00","2021-04-28 09:30:00",NULL,False
"90","","2021-04-28 09:30:00","2021-04-28 09:30:00",NULL,False
"91","","2021-04-28 09:30:00","2021-04-28 09:30:00",NULL,False
"92","","2021-04-28 09:30:00","2021-04-28 09:30:00",NULL,False
"93","","2021-04-28 09:30:00","2021-04-28 09:30:00",NULL,False
"94","","2021-04-28 09:30:00","2021-04-28 09:30:00",NULL,False
"95","","2021-04-28 09:30:00","2021-04-28 09:30:00",NULL,False
"96","","2021-04-28 09:30:00","2021-04-28 09:30:00",NULL,False
"97","","2021-04-28 09:30:00","2021-04-28 09:30:00",NULL,False
"98","","2021-04-28 09:30:00","2021-04-28 09:30:00",NULL,False
"99","","2021-04-28 09:30:00","2021-04-28 09:30:00",NULL,False
"100","","2021-04-28 09:30:00","2021-04-28 09:30:00",NULL,False
"101","","2021-04-28 09:30:00","2021-04-28 09:30:00",NULL,False
"102","","2021-04-28 09:30:00","2021-04-28 09:30:00",NULL,False
"103","","2021-04-28 09:30:00","2021-04-28 09:30:00",NULL,False
"104","","2021-04-28 09:30:00","2021-04-28 09:30:00",NULL,False
"105","","2021-04-28 09:30:00","2021-04-28 09:30:00",NULL,False
"106","","2021-04-28 09:30:00","2021-04-28 09:30:00",NULL,False
"107","","2021-04-28 09:30:00","2021-04-28 09:30:00",NULL,False
"108","","2021-04-28 09:30:00","2021-04-28 09:30:00",NULL,False
"109","","2021-04-28 09:30:00","2021-04-28 09:30:00",NULL,False
"110","","2021-04-28 09:30:00","2021-04-28 09:30:00",NULL,False
"111","","2021-04-28 09:30:00","2021-04-28 09:30:00",NULL,False
"112","","2021-04-28 09:30:00","2021-04-28 09:30:00",NULL,False
"113","","2021-04-28 09:30:00","2021-04-28 09:30:00",NULL,False
"114","","2021-04-28 09:30:00","2021-04-28 09:30:00",NULL,False
"115","","2021-04-28 09:30:00","2021-04-28 09:30:00",NULL,False
"116","","2021-04-28 09:30:00","2021-04-28 09:30:00",NULL,False
"117","","2021-04-28 09:30:00","2021-04-28 09:30:00",NULL,False
"118","","2021-04-28 09:30:00","2021-04-28 09:30:00",NULL,False
"119","","2021-04-28 09:30:00","2021-04-28 09:30:00",NULL,False
"120","","2021-04-28 09:30:00","2021-04-28 09:30:00",NULL,False
"121","","2021-04-28 09:30:00","2021-04-28 09:30:00",NULL,False
"122","","2021-04-28 09:30:00","2021-04-28 09:30:00",NULL,False
"123","","2021-04-28 09:30:00","2021-04-28 09:30:00",NULL,False
"124","","2021-04-28 09:30:00","2021-04-28 09:30:00",NULL,False
"125","","2021-04-28 09:30:00","2021-04-28 09:30:00",NULL,False
"126","","2021-04-28 09:30:00","2021-04-28 09:30:00",NULL,False
"127","","2021-04-28 09:30:00","2021-04-28 09:30:00",NULL,False
"128","","2021-04-28 09:30:00","2021-04-28 09:30:00",NULL,False
"129","","2021-04-28 09:30:00","2021-04-28 09:30:00",NULL,False
"130","","2021-04-28 09:30:00","2021-04-28 09:30:00",NULL,False
"131","","2021-04-28 09:30:00","2021-04-28 09:30:00",NULL,False
"132","","2021-04-28 09:30:00","2021-04-28 09:30:00",NULL,False
"133","","2021-04-28 09:30:00","2021-04-28 09:30:00",NULL,False
"134","","2021-04-28 09:30:00","2021-04-28 09:30:00",NULL,False
"135","","2021-04-28 09:30:00","2021-04-28 09:30:00",NULL,False
"136","","2021-04-28 09:30:00","2021-04-28 09:30:00",NULL,False
"137","","2021-04-28 09:30:00","2021-04-28 09:30:00",NULL,False
"138","","2021-04-28 09:30:00","2021-04-28 09:30:00",NULL,False
"139","","2021-04-28 09:30:00","2021-04-28 09:30:00",NULL,False
"140","","2021-04-28 09:30:00","2021-04-28 09:30:00",NULL,False
"141","","2021-04-28 09:30:00","2021-04-28 09:30:00",NULL,False
"142","","2021-04-28 09:30:00","2021-04-28 09:30:00",NULL,False
"143","","2021-04-28 09:30:00","2021-04-28 09:30:00",NULL,False
"144","","2021-04-28 09:30:00","2021-04-28 09:30:00",NULL,False
"145","right-wrist-joint","2021-04-28 09:30:00","2021-04-28 09:30:00",NULL,False
"146","right-elbow-joint","2021-04-29 09:30:00","2021-04-29 09:30:00",NULL,False
"147","right-shoulder-joint","2021-04-30 09:30:00","2021-04-30 09:30:00",NULL,False
"148","right-knee-joint","2021-05-01 09:30:00","2021-05-01 09:30:00",NULL,False
"149","right-hand-thumb-metacarpophalangeal-joint","2021-05-02 09:30:00","2021-05-02 09:30:00",NULL,False
"150","right-hand-thumb-interphalangeal-joint","2021-05-03 09:30:00","2021-05-03 09:30:00",NULL,False
"151","right-hand-index-metacarpophalangeal-joint","2021-05-04 09:30:00","2021-05-04 09:30:00",NULL,False
"152","right-hand-index-proximal-interphalangeal-joint","2021-05-05 09:30:00","2021-05-05 09:30:00",NULL,False
"153","right-hand-middle-metacarpophalangeal-joint","2021-05-06 09:30:00","2021-05-06 09:30:00",NULL,False
"154","right-hand-middle-proximal-interphalangeal-joint","2021-05-07 09:30:00","2021-05-07 09:30:00",NULL,False
"155","right-hand-ring-metacarpophalangeal-joint","2021-05-08 09:30:00","2021-05-08 09:30:00",NULL,False
"156","right-hand-ring-proximal-interphalangeal-joint","2021-05-09 09:30:00","2021-05-09 09:30:00",NULL,False
"157","right-hand-pinky-metacarpophalangeal-joint","2021-05-10 09:30:00","2021-05-10 09:30:00",NULL,False
"158","right-hand-pinky-proximal-interphalangeal-joint","2021-05-11 09:30:00","2021-05-11 09:30:00",NULL,False
"159","left-wrist-joint","2021-05-12 09:30:00","2021-05-12 09:30:00",NULL,False
"160","left-elbow-joint","2021-05-13 09:30:00","2021-05-13 09:30:00",NULL,False
"161","left-shoulder-joint","2021-05-14 09:30:00","2021-05-14 09:30:00",NULL,False
"162","left-knee-joint","2021-05-15 09:30:00","2021-05-15 09:30:00",NULL,False
"163","left-hand-thumb-metacarpophalangeal-joint","2021-05-16 09:30:00","2021-05-16 09:30:00",NULL,False
"164","left-hand-thumb-interphalangeal-joint","2021-05-17 09:30:00","2021-05-17 09:30:00",NULL,False
"165","left-hand-index-metacarpophalangeal-joint","2021-05-18 09:30:00","2021-05-18 09:30:00",NULL,False
"166","left-hand-index-proximal-interphalangeal-joint","2021-05-19 09:30:00","2021-05-19 09:30:00",NULL,False
"167","left-hand-middle-metacarpophalangeal-joint","2021-05-20 09:30:00","2021-05-20 09:30:00",NULL,False
"168","left-hand-middle-proximal-interphalangeal-joint","2021-05-21 09:30:00","2021-05-21 09:30:00",NULL,False
"169","left-hand-ring-metacarpophalangeal-joint","2021-05-22 09:30:00","2021-05-22 09:30:00",NULL,False
"170","left-hand-ring-proximal-interphalangeal-joint","2021-05-23 09:30:00","2021-05-23 09:30:00",NULL,False
"171","left-hand-pinky-metacarpophalangeal-joint","2021-05-24 09:30:00","2021-05-24 09:30:00",NULL,False
"172","left-hand-pinky-proximal-interphalangeal-joint","2021-05-25 09:30:00","2021-05-25 09:30:00",NULL,False
"173","right-wrist-joint","2021-05-26 09:30:00","2021-05-26 09:30:00",NULL,False
"174","right-elbow-joint","2021-05-27 09:30:00","2021-05-27 09:30:00",NULL,False
"175","right-shoulder-joint","2021-05-28 09:30:00","2021-05-28 09:30:00",NULL,False
"176","right-knee-joint","2021-05-29 09:30:00","2021-05-29 09:30:00",NULL,False
"177","right-hand-thumb-metacarpophalangeal-joint","2021-05-30 09:30:00","2021-05-30 09:30:00",NULL,False
"178","right-hand-thumb-interphalangeal-joint","2021-05-31 09:30:00","2021-05-31 09:30:00",NULL,False
"179","right-hand-index-metacarpophalangeal-joint","2021-06-01 09:30:00","2021-06-01 09:30:00",NULL,False
"180","right-hand-index-proximal-interphalangeal-joint","2021-06-02 09:30:00","2021-06-02 09:30:00",NULL,False
"181","right-hand-middle-metacarpophalangeal-joint","2021-06-03 09:30:00","2021-06-03 09:30:00",NULL,False
"182","right-hand-middle-proximal-interphalangeal-joint","2021-06-04 09:30:00","2021-06-04 09:30:00",NULL,False
"183","right-hand-ring-metacarpophalangeal-joint","2021-06-05 09:30:00","2021-06-05 09:30:00",NULL,False
"184","right-hand-ring-proximal-interphalangeal-joint","2021-06-06 09:30:00","2021-06-06 09:30:00",NULL,False
"185","right-hand-pinky-metacarpophalangeal-joint","2021-06-07 09:30:00","2021-06-07 09:30:00",NULL,False
"186","right-hand-pinky-proximal-interphalangeal-joint","2021-06-08 09:30:00","2021-06-08 09:30:00",NULL,False
"187","left-wrist-joint","2021-06-09 09:30:00","2021-06-09 09:30:00",NULL,False
"188","left-elbow-joint","2021-06-10 09:30:00","2021-06-10 09:30:00",NULL,False
"189","left-shoulder-joint","2021-06-11 09:30:00","2021-06-11 09:30:00",NULL,False
"190","left-knee-joint","2021-06-12 09:30:00","2021-06-12 09:30:00",NULL,False
"191","left-hand-thumb-metacarpophalangeal-joint","2021-06-13 09:30:00","2021-06-13 09:30:00",NULL,False
"192","left-hand-thumb-interphalangeal-joint","2021-06-14 09:30:00","2021-06-14 09:30:00",NULL,False
"193","left-hand-index-metacarpophalangeal-joint","2021-06-15 09:30:00","2021-06-15 09:30:00",NULL,False
"194","left-hand-index-proximal-interphalangeal-joint","2021-06-16 09:30:00","2021-06-16 09:30:00",NULL,False
"195","left-hand-middle-metacarpophalangeal-joint","2021-06-17 09:30:00","2021-06-17 09:30:00",NULL,False
"196","left-hand-middle-proximal-interphalangeal-joint","2021-06-18 09:30:00","2021-06-18 09:30:00",NULL,False
"197","left-hand-ring-metacarpophalangeal-joint","2021-06-19 09:30:00","2021-06-19 09:30:00",NULL,False
"198","left-hand-ring-proximal-interphalangeal-joint","2021-06-20 09:30:00","2021-06-20 09:30:00",NULL,False
"199","left-hand-pinky-metacarpophalangeal-joint","2021-06-21 09:30:00","2021-06-21 09:30:00",NULL,False
"200","left-hand-pinky-proximal-interphalangeal-joint","2021-06-22 09:30:00","2021-06-22 09:30:00",NULL,False
"201","right-temporomandibular-joint","2021-06-23 09:30:00","2021-06-23 09:30:00",NULL,False
"202","right-acromioclavicular-joint","2021-06-24 09:30:00","2021-06-24 09:30:00",NULL,False
"203","right-glenohumeral-joint","2021-06-25 09:30:00","2021-06-25 09:30:00",NULL,False
"204","right-sternoclavicular-joint","2021-06-26 09:30:00","2021-06-26 09:30:00",NULL,False
"205","right-elbow-joint","2021-06-27 09:30:00","2021-06-27 09:30:00",NULL,False
"206","right-hip-joint","2021-06-28 09:30:00","2021-06-28 09:30:00",NULL,False
"207","right-knee-joint","2021-06-29 09:30:00","2021-06-29 09:30:00",NULL,False
"208","right-wrist-joint","2021-06-30 09:30:00","2021-06-30 09:30:00",NULL,False
"209","right-hand-thumb-metacarpophalangeal-joint","2021-07-01 09:30:00","2021-07-01 09:30:00",NULL,False
"210","right-hand-thumb-interphalangeal-joint","2021-07-02 09:30:00","2021-07-02 09:30:00",NULL,False
"211","right-hand-index-metacarpophalangeal-joint","2021-07-03 09:30:00","2021-07-03 09:30:00",NULL,False
"212","right-hand-index-proximal-interphalangeal-joint","2021-07-04 09:30:00","2021-07-04 09:30:00",NULL,False
"213","right-hand-index-distal-interphalangeal-joint","2021-07-05 09:30:00","2021-07-05 09:30:00",NULL,False
"214","right-hand-middle-metacarpophalangeal-joint","2021-07-06 09:30:00","2021-07-06 09:30:00",NULL,False
"215","right-hand-middle-proximal-interphalangeal-joint","2021-07-07 09:30:00","2021-07-07 09:30:00",NULL,False
"216","right-hand-middle-distal-interphalangeal-joint","2021-07-08 09:30:00","2021-07-08 09:30:00",NULL,False
"217","right-hand-ring-metacarpophalangeal-joint","2021-07-09 09:30:00","2021-07-09 09:30:00",NULL,False
"218","right-hand-ring-proximal-interphalangeal-joint","2021-07-10 09:30:00","2021-07-10 09:30:00",NULL,False
"219","right-hand-ring-distal-interphalangeal-joint","2021-07-11 09:30:00","2021-07-11 09:30:00",NULL,False
"220","right-hand-pinky-metacarpophalangeal-joint","2021-07-12 09:30:00","2021-07-12 09:30:00",NULL,False
"221","right-hand-pinky-proximal-interphalangeal-joint","2021-07-13 09:30:00","2021-07-13 09:30:00",NULL,False
"222","right-hand-pinky-distal-interphalangeal-joint","2021-07-14 09:30:00","2021-07-14 09:30:00",NULL,False
"223","right-anckle-joint","2021-07-15 09:30:00","2021-07-15 09:30:00",NULL,False
"224","right-talonavicular-joint","2021-07-16 09:30:00","2021-07-16 09:30:00",NULL,False
"225","right-foot-thumb-metatarsophalangeal-joint","2021-07-17 09:30:00","2021-07-17 09:30:00",NULL,False
"226","right-foot-thumb-proximal-interphalangeal-joint","2021-07-18 09:30:00","2021-07-18 09:30:00",NULL,False
"227","right-foot-index-metatarsophalangeal-joint","2021-07-19 09:30:00","2021-07-19 09:30:00",NULL,False
"228","right-foot-index-proximal-interphalangeal-joint","2021-07-20 09:30:00","2021-07-20 09:30:00",NULL,False
"229","right-foot-middle-metatarsophalangeal-joint","2021-07-21 09:30:00","2021-07-21 09:30:00",NULL,False
"230","right-foot-middle-proximal-interphalangeal-joint","2021-07-22 09:30:00","2021-07-22 09:30:00",NULL,False
"231","right-foot-ring-metatarsophalangeal-joint","2021-07-23 09:30:00","2021-07-23 09:30:00",NULL,False
"232","right-foot-ring-proximal-interphalangeal-joint","2021-07-24 09:30:00","2021-07-24 09:30:00",NULL,False
"233","right-foot-pinky-metatarsophalangeal-joint","2021-07-25 09:30:00","2021-07-25 09:30:00",NULL,False
"234","right-foot-pinky-proximal-interphalangeal-joint","2021-07-26 09:30:00","2021-07-26 09:30:00",NULL,False
"235","left-temporomandibular-joint","2021-07-27 09:30:00","2021-07-27 09:30:00",NULL,False
"236","left-acromioclavicular-joint","2021-07-28 09:30:00","2021-07-28 09:30:00",NULL,False
"237","left-glenohumeral-joint","2021-07-29 09:30:00","2021-07-29 09:30:00",NULL,False
"238","left-sternoclavicular-joint","2021-07-30 09:30:00","2021-07-30 09:30:00",NULL,False
"239","left-elbow-joint","2021-07-31 09:30:00","2021-07-31 09:30:00",NULL,False
"240","left-hip-joint","2021-08-01 09:30:00","2021-08-01 09:30:00",NULL,False
"241","left-knee-joint","2021-08-02 09:30:00","2021-08-02 09:30:00",NULL,False
"242","left-wrist-joint","2021-08-03 09:30:00","2021-08-03 09:30:00",NULL,False
"243","left-hand-thumb-metacarpophalangeal-joint","2021-08-04 09:30:00","2021-08-04 09:30:00",NULL,False
"244","left-hand-thumb-interphalangeal-joint","2021-08-05 09:30:00","2021-08-05 09:30:00",NULL,False
"245","left-hand-index-metacarpophalangeal-joint","2021-08-06 09:30:00","2021-08-06 09:30:00",NULL,False
"246","left-hand-index-proximal-interphalangeal-joint","2021-08-07 09:30:00","2021-08-07 09:30:00",NULL,False
"247","left-hand-index-distal-interphalangeal-joint","2021-08-08 09:30:00","2021-08-08 09:30:00",NULL,False
"248","left-hand-middle-metacarpophalangeal-joint","2021-08-09 09:30:00","2021-08-09 09:30:00",NULL,False
"249","left-hand-middle-proximal-interphalangeal-joint","2021-08-10 09:30:00","2021-08-10 09:30:00",NULL,False
"250","left-hand-middle-distal-interphalangeal-joint","2021-08-11 09:30:00","2021-08-11 09:30:00",NULL,False
"251","left-hand-ring-metacarpophalangeal-joint","2021-08-12 09:30:00","2021-08-12 09:30:00",NULL,False
"252","left-hand-ring-proximal-interphalangeal-joint","2021-08-13 09:30:00","2021-08-13 09:30:00",NULL,False
"253","left-hand-ring-distal-interphalangeal-joint","2021-08-14 09:30:00","2021-08-14 09:30:00",NULL,False
"254","left-hand-pinky-metacarpophalangeal-joint","2021-08-15 09:30:00","2021-08-15 09:30:00",NULL,False
"255","left-hand-pinky-proximal-interphalangeal-joint","2021-08-16 09:30:00","2021-08-16 09:30:00",NULL,False
"256","left-hand-pinky-distal-interphalangeal-joint","2021-08-17 09:30:00","2021-08-17 09:30:00",NULL,False
"257","left-anckle-joint","2021-08-18 09:30:00","2021-08-18 09:30:00",NULL,False
"258","left-talonavicular-joint","2021-08-19 09:30:00","2021-08-19 09:30:00",NULL,False
"259","left-foot-thumb-metatarsophalangeal-joint","2021-08-20 09:30:00","2021-08-20 09:30:00",NULL,False
"260","left-foot-thumb-proximal-interphalangeal-joint","2021-08-21 09:30:00","2021-08-21 09:30:00",NULL,False
"261","left-foot-index-metatarsophalangeal-joint","2021-08-22 09:30:00","2021-08-22 09:30:00",NULL,False
"262","left-foot-index-proximal-interphalangeal-joint","2021-08-23 09:30:00","2021-08-23 09:30:00",NULL,False
"263","left-foot-middle-metatarsophalangeal-joint","2021-08-24 09:30:00","2021-08-24 09:30:00",NULL,False
"264","left-foot-middle-proximal-interphalangeal-joint","2021-08-25 09:30:00","2021-08-25 09:30:00",NULL,False
"265","left-foot-ring-metatarsophalangeal-joint","2021-08-26 09:30:00","2021-08-26 09:30:00",NULL,False
"266","left-foot-ring-proximal-interphalangeal-joint","2021-08-27 09:30:00","2021-08-27 09:30:00",NULL,False
"267","left-foot-pinky-metatarsophalangeal-joint","2021-08-28 09:30:00","2021-08-28 09:30:00",NULL,False
"268","left-foot-pinky-proximal-interphalangeal-joint","2021-08-29 09:30:00","2021-08-29 09:30:00",NULL,False
"269","right-temporomandibular-joint","2021-08-30 09:30:00","2021-08-30 09:30:00",NULL,False
"270","right-acromioclavicular-joint","2021-08-31 09:30:00","2021-08-31 09:30:00",NULL,False
"271","right-glenohumeral-joint","2021-09-01 09:30:00","2021-09-01 09:30:00",NULL,False
"272","right-sternoclavicular-joint","2021-09-02 09:30:00","2021-09-02 09:30:00",NULL,False
"273","right-elbow-joint","2021-09-03 09:30:00","2021-09-03 09:30:00",NULL,False
"274","right-knee-joint","2021-09-04 09:30:00","2021-09-04 09:30:00",NULL,False
"275","right-wrist-joint","2021-09-05 09:30:00","2021-09-05 09:30:00",NULL,False
"276","right-hand-thumb-metacarpophalangeal-joint","2021-09-06 09:30:00","2021-09-06 09:30:00",NULL,False
"277","right-hand-thumb-interphalangeal-joint","2021-09-07 09:30:00","2021-09-07 09:30:00",NULL,False
"278","right-hand-index-metacarpophalangeal-joint","2021-09-08 09:30:00","2021-09-08 09:30:00",NULL,False
"279","right-hand-index-proximal-interphalangeal-joint","2021-09-09 09:30:00","2021-09-09 09:30:00",NULL,False
"280","right-hand-index-distal-interphalangeal-joint","2021-09-10 09:30:00","2021-09-10 09:30:00",NULL,False
"281","right-hand-middle-metacarpophalangeal-joint","2021-09-11 09:30:00","2021-09-11 09:30:00",NULL,False
"282","right-hand-middle-proximal-interphalangeal-joint","2021-09-12 09:30:00","2021-09-12 09:30:00",NULL,False
"283","right-hand-middle-distal-interphalangeal-joint","2021-09-13 09:30:00","2021-09-13 09:30:00",NULL,False
"284","right-hand-ring-metacarpophalangeal-joint","2021-09-14 09:30:00","2021-09-14 09:30:00",NULL,False
"285","right-hand-ring-proximal-interphalangeal-joint","2021-09-15 09:30:00","2021-09-15 09:30:00",NULL,False
"286","right-hand-ring-distal-interphalangeal-joint","2021-09-16 09:30:00","2021-09-16 09:30:00",NULL,False
"287","right-hand-pinky-metacarpophalangeal-joint","2021-09-17 09:30:00","2021-09-17 09:30:00",NULL,False
"288","right-hand-pinky-proximal-interphalangeal-joint","2021-09-18 09:30:00","2021-09-18 09:30:00",NULL,False
"289","right-hand-pinky-distal-interphalangeal-joint","2021-09-19 09:30:00","2021-09-19 09:30:00",NULL,False
"290","right-anckle-joint","2021-09-20 09:30:00","2021-09-20 09:30:00",NULL,False
"291","right-talonavicular-joint","2021-09-21 09:30:00","2021-09-21 09:30:00",NULL,False
"292","right-foot-thumb-metatarsophalangeal-joint","2021-09-22 09:30:00","2021-09-22 09:30:00",NULL,False
"293","right-foot-thumb-proximal-interphalangeal-joint","2021-09-23 09:30:00","2021-09-23 09:30:00",NULL,False
"294","right-foot-index-metatarsophalangeal-joint","2021-09-24 09:30:00","2021-09-24 09:30:00",NULL,False
"295","right-foot-index-proximal-interphalangeal-joint","2021-09-25 09:30:00","2021-09-25 09:30:00",NULL,False
"296","right-foot-middle-metatarsophalangeal-joint","2021-09-26 09:30:00","2021-09-26 09:30:00",NULL,False
"297","right-foot-middle-proximal-interphalangeal-joint","2021-09-27 09:30:00","2021-09-27 09:30:00",NULL,False
"298","right-foot-ring-metatarsophalangeal-joint","2021-09-28 09:30:00","2021-09-28 09:30:00",NULL,False
"299","right-foot-ring-proximal-interphalangeal-joint","2021-09-29 09:30:00","2021-09-29 09:30:00",NULL,False
"300","right-foot-pinky-metatarsophalangeal-joint","2021-09-30 09:30:00","2021-09-30 09:30:00",NULL,False
"301","right-foot-pinky-proximal-interphalangeal-joint","2021-10-01 09:30:00","2021-10-01 09:30:00",NULL,False
"302","left-temporomandibular-joint","2021-10-02 09:30:00","2021-10-02 09:30:00",NULL,False
"303","left-acromioclavicular-joint","2021-10-03 09:30:00","2021-10-03 09:30:00",NULL,False
"304","left-glenohumeral-joint","2021-10-04 09:30:00","2021-10-04 09:30:00",NULL,False
"305","left-sternoclavicular-joint","2021-10-05 09:30:00","2021-10-05 09:30:00",NULL,False
"306","left-elbow-joint","2021-10-06 09:30:00","2021-10-06 09:30:00",NULL,False
"307","left-knee-joint","2021-10-07 09:30:00","2021-10-07 09:30:00",NULL,False
"308","left-wrist-joint","2021-10-08 09:30:00","2021-10-08 09:30:00",NULL,False
"309","left-hand-thumb-metacarpophalangeal-joint","2021-10-09 09:30:00","2021-10-09 09:30:00",NULL,False
"310","left-hand-thumb-interphalangeal-joint","2021-10-10 09:30:00","2021-10-10 09:30:00",NULL,False
"311","left-hand-index-metacarpophalangeal-joint","2021-10-11 09:30:00","2021-10-11 09:30:00",NULL,False
"312","left-hand-index-proximal-interphalangeal-joint","2021-10-12 09:30:00","2021-10-12 09:30:00",NULL,False
"313","left-hand-index-distal-interphalangeal-joint","2021-10-13 09:30:00","2021-10-13 09:30:00",NULL,False
"314","left-hand-middle-metacarpophalangeal-joint","2021-10-14 09:30:00","2021-10-14 09:30:00",NULL,False
"315","left-hand-middle-proximal-interphalangeal-joint","2021-10-15 09:30:00","2021-10-15 09:30:00",NULL,False
"316","left-hand-middle-distal-interphalangeal-joint","2021-10-16 09:30:00","2021-10-16 09:30:00",NULL,False
"317","left-hand-ring-metacarpophalangeal-joint","2021-10-17 09:30:00","2021-10-17 09:30:00",NULL,False
"318","left-hand-ring-proximal-interphalangeal-joint","2021-10-18 09:30:00","2021-10-18 09:30:00",NULL,False
"319","left-hand-ring-distal-interphalangeal-joint","2021-10-19 09:30:00","2021-10-19 09:30:00",NULL,False
"320","left-hand-pinky-metacarpophalangeal-joint","2021-10-20 09:30:00","2021-10-20 09:30:00",NULL,False
"321","left-hand-pinky-proximal-interphalangeal-joint","2021-10-21 09:30:00","2021-10-21 09:30:00",NULL,False
"322","left-hand-pinky-distal-interphalangeal-joint","2021-10-22 09:30:00","2021-10-22 09:30:00",NULL,False
"323","left-anckle-joint","2021-10-23 09:30:00","2021-10-23 09:30:00",NULL,False
"324","left-talonavicular-joint","2021-10-24 09:30:00","2021-10-24 09:30:00",NULL,False
"325","left-foot-thumb-metatarsophalangeal-joint","2021-10-25 09:30:00","2021-10-25 09:30:00",NULL,False
"326","left-foot-thumb-proximal-interphalangeal-joint","2021-10-26 09:30:00","2021-10-26 09:30:00",NULL,False
"327","left-foot-index-metatarsophalangeal-joint","2021-10-27 09:30:00","2021-10-27 09:30:00",NULL,False
"328","left-foot-index-proximal-interphalangeal-joint","2021-10-28 09:30:00","2021-10-28 09:30:00",NULL,False
"329","left-foot-middle-metatarsophalangeal-joint","2021-10-29 09:30:00","2021-10-29 09:30:00",NULL,False
"330","left-foot-middle-proximal-interphalangeal-joint","2021-10-30 09:30:00","2021-10-30 09:30:00",NULL,False
"331","left-foot-ring-metatarsophalangeal-joint","2021-10-31 09:30:00","2021-10-31 09:30:00",NULL,False
"332","left-foot-ring-proximal-interphalangeal-joint","2021-11-01 09:30:00","2021-11-01 09:30:00",NULL,False
"333","left-foot-pinky-metatarsophalangeal-joint","2021-11-02 09:30:00","2021-11-02 09:30:00",NULL,False
"334","left-foot-pinky-proximal-interphalangeal-joint","2021-11-03 09:30:00","2021-11-03 09:30:00",NULL,False
"335",NULL,"2021-06-05 05:34:10","2021-06-05 05:34:10",0,False
"336",NULL,"2021-06-05 05:34:10","2021-06-05 05:34:10",1,False
"337",NULL,"2021-06-05 05:34:10","2021-06-05 05:34:10",2,False
"338",NULL,"2021-06-05 05:34:10","2021-06-05 05:34:10",3,False
"339",NULL,"2021-06-05 05:34:10","2021-06-05 05:34:10",4,False
"340",NULL,"2021-06-05 05:34:10","2021-06-05 05:34:10",5,False
"341",NULL,"2021-06-05 05:34:10","2021-06-05 05:34:10",6,False
"342",NULL,"2021-06-05 05:34:10","2021-06-05 05:34:10",7,False
"343",NULL,"2021-06-05 05:34:10","2021-06-05 05:34:10",8,False
"344",NULL,"2021-06-05 05:34:10","2021-06-05 05:34:10",9,False
"345",NULL,"2021-06-05 05:34:10","2021-06-05 05:34:10",10,False
"346",NULL,"2021-06-05 05:34:10","2021-06-05 05:34:10",0,False
"347",NULL,"2021-06-05 05:34:10","2021-06-05 05:34:10",1,False
"348",NULL,"2021-06-05 05:34:10","2021-06-05 05:34:10",2,False
"349",NULL,"2021-06-05 05:34:10","2021-06-05 05:34:10",3,False
"350",NULL,"2021-06-05 05:34:10","2021-06-05 05:34:10",4,False
"351",NULL,"2021-06-05 05:34:10","2021-06-05 05:34:10",5,False
"352",NULL,"2021-06-05 05:34:10","2021-06-05 05:34:10",6,False
"353",NULL,"2021-06-05 05:34:10","2021-06-05 05:34:10",7,False
"354",NULL,"2021-06-05 05:34:10","2021-06-05 05:34:10",8,False
"355",NULL,"2021-06-05 05:34:10","2021-06-05 05:34:10",9,False
"356",NULL,"2021-06-05 05:34:10","2021-06-05 05:34:10",10,False
"357",NULL,"2021-06-05 05:34:10","2021-06-05 05:34:10",NULL,False
"358",NULL,"2021-06-05 05:34:10","2021-06-05 05:34:10",NULL,False
"359",NULL,"2021-06-05 05:34:10","2021-06-05 05:34:10",NULL,False
"360",NULL,"2021-06-05 05:34:10","2021-06-05 05:34:10",NULL,False
"361",NULL,"2021-06-05 05:34:10","2021-06-05 05:34:10",0,False
"362",NULL,"2021-06-05 05:34:10","2021-06-05 05:34:10",1,False
"363",NULL,"2021-06-05 05:34:10","2021-06-05 05:34:10",2,False
"364",NULL,"2021-06-05 05:34:10","2021-06-05 05:34:10",3,False
"365",NULL,"2021-06-05 05:34:10","2021-06-05 05:34:10",4,False
"366",NULL,"2021-06-05 05:34:10","2021-06-05 05:34:10",5,False
"367",NULL,"2021-06-05 05:34:10","2021-06-05 05:34:10",6,False
"368",NULL,"2021-06-05 05:34:10","2021-06-05 05:34:10",7,False
"369",NULL,"2021-06-05 05:34:10","2021-06-05 05:34:10",8,False
"370",NULL,"2021-06-05 05:34:10","2021-06-05 05:34:10",9,False
"371",NULL,"2021-06-05 05:34:10","2021-06-05 05:34:10",10,False
"372",NULL,"2021-06-05 05:34:10","2021-06-05 05:34:10",0,False
"373",NULL,"2021-06-05 05:34:10","2021-06-05 05:34:10",1,False
"374",NULL,"2021-06-05 05:34:10","2021-06-05 05:34:10",2,False
"375",NULL,"2021-06-05 05:34:10","2021-06-05 05:34:10",3,False
"376",NULL,"2021-06-05 05:34:10","2021-06-05 05:34:10",4,False
"377",NULL,"2021-06-05 05:34:10","2021-06-05 05:34:10",5,False
"378",NULL,"2021-06-05 05:34:10","2021-06-05 05:34:10",6,False
"379",NULL,"2021-06-05 05:34:10","2021-06-05 05:34:10",7,False
"380",NULL,"2021-06-05 05:34:10","2021-06-05 05:34:10",8,False
"381",NULL,"2021-06-05 05:34:10","2021-06-05 05:34:10",9,False
"382",NULL,"2021-06-05 05:34:10","2021-06-05 05:34:10",10,False
"383",NULL,"2021-06-05 05:34:10","2021-06-05 05:34:10",NULL,False
"384",NULL,"2021-06-05 05:34:10","2021-06-05 05:34:10",NULL,False
"385",NULL,"2021-06-05 05:34:10","2021-06-05 05:34:10",NULL,False
"386",NULL,"2021-06-05 05:34:10","2021-06-05 05:34:10",NULL,False
"387",NULL,"2021-06-05 05:34:10","2021-06-05 05:34:10",NULL,False
"388",NULL,"2021-06-05 05:34:10","2021-06-05 05:34:10",NULL,False
"389",NULL,"2021-06-05 05:34:10","2021-06-05 05:34:10",NULL,False
"390",NULL,"2021-06-05 05:34:10","2021-06-05 05:34:10",NULL,False
"391",NULL,"2021-06-05 05:34:10","2021-06-05 05:34:10",NULL,False
"392",NULL,"2021-06-05 05:34:10","2021-06-05 05:34:10",NULL,False
"393",NULL,"2021-06-05 05:34:10","2021-06-05 05:34:10",NULL,False
"394",NULL,"2021-06-05 05:34:10","2021-06-05 05:34:10",NULL,False
"395",NULL,"2021-06-05 05:34:10","2021-06-05 05:34:10",NULL,True
"396",NULL,"2021-06-08 05:34:10","2021-06-08 05:34:10",NULL,False
"397",NULL,"2021-06-08 05:34:10","2021-06-08 05:34:10",NULL,False
"398",NULL,"2021-06-08 05:34:10","2021-06-08 05:34:10",NULL,False
"399",NULL,"2021-06-08 05:34:10","2021-06-08 05:34:10",NULL,False
"400",NULL,"2021-06-08 05:34:10","2021-06-08 05:34:10",NULL,False
"401",NULL,"2021-06-08 05:34:10","2021-06-08 05:34:10",NULL,False
"402",NULL,"2021-06-08 05:34:10","2021-06-08 05:34:10",NULL,False
"403",NULL,"2021-06-08 05:34:10","2021-06-08 05:34:10",NULL,False
"404",NULL,"2021-06-08 05:34:10","2021-06-08 05:34:10",NULL,False
"405",NULL,"2021-06-08 05:34:10","2021-06-08 05:34:10",NULL,False
"406",NULL,"2021-06-08 05:34:10","2021-06-08 05:34:10",NULL,False
"407",NULL,"2021-06-08 05:34:10","2021-06-08 05:34:10",NULL,False
"408",NULL,"2021-06-08 05:34:10","2021-06-08 05:34:10",NULL,False
"409",NULL,"2021-06-08 05:34:10","2021-06-08 05:34:10",NULL,False
"410",NULL,"2021-06-08 05:34:10","2021-06-08 05:34:10",NULL,False
"411",NULL,"2021-06-08 05:34:10","2021-06-08 05:34:10",NULL,False
"412",NULL,"2021-06-08 05:34:10","2021-06-08 05:34:10",NULL,False
"413",NULL,"2021-06-08 05:34:10","2021-06-08 05:34:10",NULL,False
"414",NULL,"2021-06-08 05:34:10","2021-06-08 05:34:10",NULL,False
"415",NULL,"2021-06-08 05:34:10","2021-06-08 05:34:10",NULL,False
"416",NULL,"2021-06-08 05:34:10","2021-06-08 05:34:10",NULL,False
"417",NULL,"2021-06-08 05:34:10","2021-06-08 05:34:10",NULL,False
"418",NULL,"2021-06-08 05:34:10","2021-06-08 05:34:10",NULL,False
"419",NULL,"2021-06-08 05:34:10","2021-06-08 05:34:10",NULL,False
"420",NULL,"2021-06-08 05:34:10","2021-06-08 05:34:10",NULL,False
"421",NULL,"2021-06-08 05:34:10","2021-06-08 05:34:10",NULL,False
"422",NULL,"2021-06-08 05:34:10","2021-06-08 05:34:10",NULL,False
"423",NULL,"2021-06-08 05:34:10","2021-06-08 05:34:10",NULL,False
"424",NULL,"2021-06-08 05:34:10","2021-06-08 05:34:10",NULL,False
"425",NULL,"2021-06-08 05:34:10","2021-06-08 05:34:10",NULL,False
"426",NULL,"2021-06-08 05:34:10","2021-06-08 05:34:10",NULL,False
"427",NULL,"2021-06-08 05:34:10","2021-06-08 05:34:10",NULL,False
"428",NULL,"2021-06-08 05:34:10","2021-06-08 05:34:10",NULL,False
"429",NULL,"2021-06-08 05:34:10","2021-06-08 05:34:10",NULL,False
"430",NULL,"2021-06-08 05:34:10","2021-06-08 05:34:10",NULL,False
"431",NULL,"2021-06-08 05:34:10","2021-06-08 05:34:10",NULL,False
"432",NULL,"2021-06-08 05:34:10","2021-06-08 05:34:10",NULL,False
"433",NULL,"2021-06-08 05:34:10","2021-06-08 05:34:10",NULL,False
"434",NULL,"2021-06-08 05:34:10","2021-06-08 05:34:10",NULL,False
"435",NULL,"2021-06-08 05:34:10","2021-06-08 05:34:10",NULL,False
"436",NULL,"2021-06-08 05:34:10","2021-06-08 05:34:10",NULL,False
"437",NULL,"2021-06-08 05:34:10","2021-06-08 05:34:10",NULL,False
"438",NULL,"2021-06-08 05:34:10","2021-06-08 05:34:10",NULL,False
"439",NULL,"2021-06-08 05:34:10","2021-06-08 05:34:10",NULL,False
"440",NULL,"2021-06-08 05:34:10","2021-06-08 05:34:10",NULL,False
"441",NULL,"2021-06-08 05:34:10","2021-06-08 05:34:10",NULL,False
"442",NULL,"2021-06-08 05:34:10","2021-06-08 05:34:10",NULL,False
"443",NULL,"2021-06-08 05:34:10","2021-06-08 05:34:10",NULL,False
"444",NULL,"2021-06-08 05:34:10","2021-06-08 05:34:10",NULL,False
"445",NULL,"2021-06-08 05:34:10","2021-06-08 05:34:10",NULL,False
"446",NULL,"2021-06-08 05:34:10","2021-06-08 05:34:10",NULL,False
"447",NULL,"2021-06-08 05:34:10","2021-06-08 05:34:10",NULL,False
"448",NULL,"2021-06-08 05:34:10","2021-06-08 05:34:10",NULL,False
"449",NULL,"2021-06-08 05:34:10","2021-06-08 05:34:10",NULL,False
"450",NULL,"2021-06-08 05:34:10","2021-06-08 05:34:10",NULL,False
"451",NULL,"2021-06-08 05:34:10","2021-06-08 05:34:10",NULL,False
"452",NULL,"2021-06-08 05:34:10","2021-06-08 05:34:10",NULL,False
"453",NULL,"2021-06-08 05:34:10","2021-06-08 05:34:10",NULL,False
"454",NULL,"2021-06-08 05:34:10","2021-06-08 05:34:10",NULL,False
"455",NULL,"2021-06-08 05:34:10","2021-06-08 05:34:10",NULL,False
"456",NULL,"2021-06-08 05:34:10","2021-06-08 05:34:10",NULL,False
"457",NULL,"2021-06-08 05:34:10","2021-06-08 05:34:10",NULL,False
"458",NULL,"2021-06-08 05:34:10","2021-06-08 05:34:10",NULL,False
"459",NULL,"2021-06-08 05:34:10","2021-06-08 05:34:10",NULL,False
"460",NULL,"2021-06-08 05:34:10","2021-06-08 05:34:10",NULL,False
"461",NULL,"2021-06-08 05:34:10","2021-06-08 05:34:10",NULL,False
"462",NULL,"2021-06-08 05:34:10","2021-06-08 05:34:10",NULL,False
"463",NULL,"2021-06-08 05:34:10","2021-06-08 05:34:10",NULL,False
"464",NULL,"2021-06-05 05:34:10","2021-06-05 05:34:10",0,False
"465",NULL,"2021-06-05 05:34:10","2021-06-05 05:34:10",10,False
"466",NULL,"2021-06-05 05:34:10","2021-06-05 05:34:10",10,False
"467",NULL,"2021-06-16 12:29:06","2021-06-16 12:29:08",NULL,True
"468",NULL,"2021-06-16 12:29:06","2021-06-16 12:29:08",NULL,False
"469",NULL,"2021-06-16 12:29:06","2021-06-16 12:29:08",NULL,False
"470",NULL,"2021-06-16 12:29:06","2021-06-16 12:29:08",10,False
"471",NULL,"2021-06-24 12:10:37","2021-06-24 12:10:40",NULL,False
"472",NULL,"2021-06-24 12:10:37","2021-06-24 12:10:40",NULL,False
"473",NULL,"2021-06-24 12:10:37","2021-06-24 12:10:40",NULL,False
"474",NULL,"2021-06-24 12:10:37","2021-06-24 12:10:40",NULL,False
"475",NULL,"2021-06-24 12:10:37","2021-06-24 12:10:40",NULL,False
"476",NULL,"2021-06-24 12:10:37","2021-06-24 12:10:40",NULL,False
"477",NULL,"2021-06-24 12:10:37","2021-06-24 12:10:40",NULL,False
"478",NULL,"2021-06-24 12:10:37","2021-06-24 12:10:40",NULL,False
"479",NULL,"2021-06-24 12:10:37","2021-06-24 12:10:40",NULL,False
"480",NULL,"2021-06-24 12:10:37","2021-06-24 12:10:40",NULL,False
"481",NULL,"2021-06-24 12:10:37","2021-06-24 12:10:40",NULL,False
"482",NULL,"2021-06-24 12:10:37","2021-06-24 12:10:40",NULL,False
"483",NULL,"2021-06-24 12:10:37","2021-06-24 12:10:40",NULL,False
