,id,questionnaire_id,user_id,question_id,answer_text,question_option_id,created_at,updated_at,16,17,18,19,20,21,22,23,24,25,26
0,1460,2,113,26,,27,2021-04-23 19:12:56,2021-04-23 19:12:56,nan,nan,nan,nan,nan,nan,nan,nan,nan,nan,1
1,1461,2,113,17,,7,2021-04-23 19:12:56,2021-04-23 19:12:56,nan,0,nan,nan,nan,nan,nan,nan,nan,nan,nan
2,1462,2,113,18,,9,2021-04-23 19:12:56,2021-04-23 19:12:56,nan,nan,0,nan,nan,nan,nan,nan,nan,nan,nan
3,1463,2,113,19,,11,2021-04-23 19:12:56,2021-04-23 19:12:56,nan,nan,nan,0,nan,nan,nan,nan,nan,nan,nan
4,1464,2,113,20,,13,2021-04-23 19:12:56,2021-04-23 19:12:56,nan,nan,nan,nan,0,nan,nan,nan,nan,nan,nan
5,1465,2,113,21,,15,2021-04-23 19:12:56,2021-04-23 19:12:56,nan,nan,nan,nan,nan,0,nan,nan,nan,nan,nan
6,1466,2,113,22,,17,2021-04-23 19:12:56,2021-04-23 19:12:56,nan,nan,nan,nan,nan,nan,0,nan,nan,nan,nan
7,1467,2,113,23,,19,2021-04-23 19:12:56,2021-04-23 19:12:56,nan,nan,nan,nan,nan,nan,nan,0,nan,nan,nan
8,1468,2,113,24,,21,2021-04-23 19:12:56,2021-04-23 19:12:56,nan,nan,nan,nan,nan,nan,nan,nan,0,nan,nan
9,1469,2,113,25,,23,2021-04-23 19:12:56,2021-04-23 19:12:56,nan,nan,nan,nan,nan,nan,nan,nan,nan,0,nan
10,1470,2,113,26,,25,2021-04-23 19:12:56,2021-04-23 19:12:56,nan,nan,nan,nan,nan,nan,nan,nan,nan,nan,0
11,1622,2,113,25,,23,2021-04-30 14:51:08,2021-04-30 14:51:08,nan,nan,nan,nan,nan,nan,nan,nan,nan,0,nan
12,1621,2,113,24,,21,2021-04-30 14:51:08,2021-04-30 14:51:08,nan,nan,nan,nan,nan,nan,nan,nan,0,nan,nan
13,1620,2,113,23,,19,2021-04-30 14:51:08,2021-04-30 14:51:08,nan,nan,nan,nan,nan,nan,nan,0,nan,nan,nan
14,1619,2,113,22,,17,2021-04-30 14:51:08,2021-04-30 14:51:08,nan,nan,nan,nan,nan,nan,0,nan,nan,nan,nan
15,1618,2,113,21,,15,2021-04-30 14:51:08,2021-04-30 14:51:08,nan,nan,nan,nan,nan,0,nan,nan,nan,nan,nan
16,1617,2,113,20,,13,2021-04-30 14:51:08,2021-04-30 14:51:08,nan,nan,nan,nan,0,nan,nan,nan,nan,nan,nan
17,1616,2,113,19,,11,2021-04-30 14:51:08,2021-04-30 14:51:08,nan,nan,nan,0,nan,nan,nan,nan,nan,nan,nan
18,1615,2,113,18,,9,2021-04-30 14:51:08,2021-04-30 14:51:08,nan,nan,0,nan,nan,nan,nan,nan,nan,nan,nan
19,1614,2,113,17,,7,2021-04-30 14:51:08,2021-04-30 14:51:08,nan,0,nan,nan,nan,nan,nan,nan,nan,nan,nan
20,1613,2,113,26,,5,2021-04-30 14:51:08,2021-04-30 14:51:08,nan,nan,nan,nan,nan,nan,nan,nan,nan,nan,null
21,1567,2,113,26,,25,2021-04-28 15:46:52,2021-04-28 15:46:52,nan,nan,nan,nan,nan,nan,nan,nan,nan,nan,0
22,1541,2,113,26,,5,2021-04-26 15:34:03,2021-04-26 15:34:03,nan,nan,nan,nan,nan,nan,nan,nan,nan,nan,null
23,1542,2,113,17,,7,2021-04-26 15:34:03,2021-04-26 15:34:03,nan,0,nan,nan,nan,nan,nan,nan,nan,nan,nan
24,1543,2,113,18,,9,2021-04-26 15:34:03,2021-04-26 15:34:03,nan,nan,0,nan,nan,nan,nan,nan,nan,nan,nan
25,1544,2,113,19,,11,2021-04-26 15:34:03,2021-04-26 15:34:03,nan,nan,nan,0,nan,nan,nan,nan,nan,nan,nan
26,1545,2,113,20,,13,2021-04-26 15:34:03,2021-04-26 15:34:03,nan,nan,nan,nan,0,nan,nan,nan,nan,nan,nan
27,1546,2,113,21,,15,2021-04-26 15:34:03,2021-04-26 15:34:03,nan,nan,nan,nan,nan,0,nan,nan,nan,nan,nan
28,1547,2,113,22,,17,2021-04-26 15:34:03,2021-04-26 15:34:03,nan,nan,nan,nan,nan,nan,0,nan,nan,nan,nan
29,1548,2,113,23,,19,2021-04-26 15:34:03,2021-04-26 15:34:03,nan,nan,nan,nan,nan,nan,nan,0,nan,nan,nan
30,1549,2,113,24,,21,2021-04-26 15:34:03,2021-04-26 15:34:03,nan,nan,nan,nan,nan,nan,nan,nan,0,nan,nan
31,1550,2,113,25,,23,2021-04-26 15:34:03,2021-04-26 15:34:03,nan,nan,nan,nan,nan,nan,nan,nan,nan,0,nan
32,1551,2,113,26,,25,2021-04-26 15:34:03,2021-04-26 15:34:03,nan,nan,nan,nan,nan,nan,nan,nan,nan,nan,0
33,1557,2,113,26,,28,2021-04-28 15:46:52,2021-04-28 15:46:52,nan,nan,nan,nan,nan,nan,nan,nan,nan,nan,2
34,1558,2,113,17,,27,2021-04-28 15:46:52,2021-04-28 15:46:52,nan,1,nan,nan,nan,nan,nan,nan,nan,nan,nan
35,1559,2,113,18,,9,2021-04-28 15:46:52,2021-04-28 15:46:52,nan,nan,0,nan,nan,nan,nan,nan,nan,nan,nan
36,1560,2,113,19,,11,2021-04-28 15:46:52,2021-04-28 15:46:52,nan,nan,nan,0,nan,nan,nan,nan,nan,nan,nan
37,1561,2,113,20,,13,2021-04-28 15:46:52,2021-04-28 15:46:52,nan,nan,nan,nan,0,nan,nan,nan,nan,nan,nan
38,1562,2,113,21,,15,2021-04-28 15:46:52,2021-04-28 15:46:52,nan,nan,nan,nan,nan,0,nan,nan,nan,nan,nan
39,1563,2,113,22,,17,2021-04-28 15:46:52,2021-04-28 15:46:52,nan,nan,nan,nan,nan,nan,0,nan,nan,nan,nan
40,1564,2,113,23,,19,2021-04-28 15:46:52,2021-04-28 15:46:52,nan,nan,nan,nan,nan,nan,nan,0,nan,nan,nan
41,1565,2,113,24,,21,2021-04-28 15:46:52,2021-04-28 15:46:52,nan,nan,nan,nan,nan,nan,nan,nan,0,nan,nan
42,1566,2,113,25,,23,2021-04-28 15:46:52,2021-04-28 15:46:52,nan,nan,nan,nan,nan,nan,nan,nan,nan,0,nan
43,2108,2,113,16,,5,2021-05-17 14:58:18,2021-05-17 14:58:18,0,nan,nan,nan,nan,nan,nan,nan,nan,nan,nan
44,1987,2,113,25,,27,2021-05-14 15:17:25,2021-05-14 15:17:25,nan,nan,nan,nan,nan,nan,nan,nan,nan,1,nan
45,1986,2,113,24,,21,2021-05-14 15:17:25,2021-05-14 15:17:25,nan,nan,nan,nan,nan,nan,nan,nan,0,nan,nan
46,1985,2,113,23,,27,2021-05-14 15:17:25,2021-05-14 15:17:25,nan,nan,nan,nan,nan,nan,nan,1,nan,nan,nan
47,1984,2,113,22,,28,2021-05-14 15:17:25,2021-05-14 15:17:25,nan,nan,nan,nan,nan,nan,2,nan,nan,nan,nan
48,1983,2,113,21,,15,2021-05-14 15:17:25,2021-05-14 15:17:25,nan,nan,nan,nan,nan,0,nan,nan,nan,nan,nan
49,1982,2,113,20,,13,2021-05-14 15:17:25,2021-05-14 15:17:25,nan,nan,nan,nan,0,nan,nan,nan,nan,nan,nan
50,1981,2,113,19,,11,2021-05-14 15:17:25,2021-05-14 15:17:25,nan,nan,nan,0,nan,nan,nan,nan,nan,nan,nan
51,1980,2,113,18,,29,2021-05-14 15:17:25,2021-05-14 15:17:25,nan,nan,3,nan,nan,nan,nan,nan,nan,nan,nan
52,1979,2,113,17,,29,2021-05-14 15:17:25,2021-05-14 15:17:25,nan,3,nan,nan,nan,nan,nan,nan,nan,nan,nan
53,1978,2,113,16,,5,2021-05-14 15:17:25,2021-05-14 15:17:25,0,nan,nan,nan,nan,nan,nan,nan,nan,nan,nan
54,1929,2,113,26,bien todo normal,25,2021-05-12 14:15:33,2021-05-12 14:15:33,nan,nan,nan,nan,nan,nan,nan,nan,nan,nan,0
55,1928,2,113,25,,23,2021-05-12 14:15:33,2021-05-12 14:15:33,nan,nan,nan,nan,nan,nan,nan,nan,nan,0,nan
56,1927,2,113,24,,21,2021-05-12 14:15:33,2021-05-12 14:15:33,nan,nan,nan,nan,nan,nan,nan,nan,0,nan,nan
57,1926,2,113,23,,19,2021-05-12 14:15:33,2021-05-12 14:15:33,nan,nan,nan,nan,nan,nan,nan,0,nan,nan,nan
58,1925,2,113,22,,17,2021-05-12 14:15:33,2021-05-12 14:15:33,nan,nan,nan,nan,nan,nan,0,nan,nan,nan,nan
59,1924,2,113,21,,15,2021-05-12 14:15:33,2021-05-12 14:15:33,nan,nan,nan,nan,nan,0,nan,nan,nan,nan,nan
60,1923,2,113,20,,13,2021-05-12 14:15:33,2021-05-12 14:15:33,nan,nan,nan,nan,0,nan,nan,nan,nan,nan,nan
61,1922,2,113,19,,11,2021-05-12 14:15:33,2021-05-12 14:15:33,nan,nan,nan,0,nan,nan,nan,nan,nan,nan,nan
62,1921,2,113,18,,28,2021-05-12 14:15:33,2021-05-12 14:15:33,nan,nan,2,nan,nan,nan,nan,nan,nan,nan,nan
63,1920,2,113,17,,7,2021-05-12 14:15:33,2021-05-12 14:15:33,nan,0,nan,nan,nan,nan,nan,nan,nan,nan,nan
64,1919,2,113,16,,5,2021-05-12 14:15:33,2021-05-12 14:15:33,0,nan,nan,nan,nan,nan,nan,nan,nan,nan,nan
65,1883,2,113,26,domingo 9/5/2021 falta de aire  mocos y dolor leve en el pecho al toser tarde mucho mejor. lunes 10/05/2021.dolor intermitente en sienes lado izquierdo como jaquecas por la tarde mucho mejor.hoy no me e  inyectado  enoxaparina.maÃ±ana me toca consulta dÃ­a 11/05/2021. se lo comentarÃ© al doctor y el por quÃ©,25,2021-05-10 16:24:02,2021-05-10 16:24:02,nan,nan,nan,nan,nan,nan,nan,nan,nan,nan,0
66,1882,2,113,25,,23,2021-05-10 16:24:02,2021-05-10 16:24:02,nan,nan,nan,nan,nan,nan,nan,nan,nan,0,nan
67,1881,2,113,24,,21,2021-05-10 16:24:02,2021-05-10 16:24:02,nan,nan,nan,nan,nan,nan,nan,nan,0,nan,nan
68,1880,2,113,23,,29,2021-05-10 16:24:02,2021-05-10 16:24:02,nan,nan,nan,nan,nan,nan,nan,3,nan,nan,nan
69,1879,2,113,22,,17,2021-05-10 16:24:02,2021-05-10 16:24:02,nan,nan,nan,nan,nan,nan,0,nan,nan,nan,nan
70,1878,2,113,21,,29,2021-05-10 16:24:02,2021-05-10 16:24:02,nan,nan,nan,nan,nan,3,nan,nan,nan,nan,nan
71,1877,2,113,20,,13,2021-05-10 16:24:02,2021-05-10 16:24:02,nan,nan,nan,nan,0,nan,nan,nan,nan,nan,nan
72,1876,2,113,19,,11,2021-05-10 16:24:02,2021-05-10 16:24:02,nan,nan,nan,0,nan,nan,nan,nan,nan,nan,nan
73,1875,2,113,18,,9,2021-05-10 16:24:02,2021-05-10 16:24:02,nan,nan,0,nan,nan,nan,nan,nan,nan,nan,nan
74,1874,2,113,17,,7,2021-05-10 16:24:02,2021-05-10 16:24:02,nan,0,nan,nan,nan,nan,nan,nan,nan,nan,nan
75,1873,2,113,16,,28,2021-05-10 16:24:02,2021-05-10 16:24:02,2,nan,nan,nan,nan,nan,nan,nan,nan,nan,nan
76,1761,2,113,26,ahora bien ayer como falta de aire,25,2021-05-07 14:41:45,2021-05-07 14:41:45,nan,nan,nan,nan,nan,nan,nan,nan,nan,nan,0
77,1988,2,113,26,"algo mareado  pero bien


algo mareado pero bien",28,2021-05-14 15:17:25,2021-05-14 15:17:25,nan,nan,nan,nan,nan,nan,nan,nan,nan,nan,2
78,2118,2,113,26,,25,2021-05-17 14:58:18,2021-05-17 14:58:18,nan,nan,nan,nan,nan,nan,nan,nan,nan,nan,0
79,2117,2,113,25,,23,2021-05-17 14:58:18,2021-05-17 14:58:18,nan,nan,nan,nan,nan,nan,nan,nan,nan,0,nan
80,2116,2,113,24,,21,2021-05-17 14:58:18,2021-05-17 14:58:18,nan,nan,nan,nan,nan,nan,nan,nan,0,nan,nan
81,2115,2,113,23,,19,2021-05-17 14:58:18,2021-05-17 14:58:18,nan,nan,nan,nan,nan,nan,nan,0,nan,nan,nan
82,2114,2,113,22,,17,2021-05-17 14:58:18,2021-05-17 14:58:18,nan,nan,nan,nan,nan,nan,0,nan,nan,nan,nan
83,2113,2,113,21,,15,2021-05-17 14:58:18,2021-05-17 14:58:18,nan,nan,nan,nan,nan,0,nan,nan,nan,nan,nan
84,2112,2,113,20,,13,2021-05-17 14:58:18,2021-05-17 14:58:18,nan,nan,nan,nan,0,nan,nan,nan,nan,nan,nan
85,2111,2,113,19,,11,2021-05-17 14:58:18,2021-05-17 14:58:18,nan,nan,nan,0,nan,nan,nan,nan,nan,nan,nan
86,2110,2,113,18,,9,2021-05-17 14:58:18,2021-05-17 14:58:18,nan,nan,0,nan,nan,nan,nan,nan,nan,nan,nan
87,2109,2,113,17,,7,2021-05-17 14:58:18,2021-05-17 14:58:18,nan,0,nan,nan,nan,nan,nan,nan,nan,nan,nan
88,1760,2,113,25,,23,2021-05-07 14:41:45,2021-05-07 14:41:45,nan,nan,nan,nan,nan,nan,nan,nan,nan,0,nan
89,1759,2,113,24,,21,2021-05-07 14:41:45,2021-05-07 14:41:45,nan,nan,nan,nan,nan,nan,nan,nan,0,nan,nan
90,1758,2,113,23,,19,2021-05-07 14:41:45,2021-05-07 14:41:45,nan,nan,nan,nan,nan,nan,nan,0,nan,nan,nan
91,1757,2,113,22,,17,2021-05-07 14:41:45,2021-05-07 14:41:45,nan,nan,nan,nan,nan,nan,0,nan,nan,nan,nan
92,1756,2,113,21,,27,2021-05-07 14:41:45,2021-05-07 14:41:45,nan,nan,nan,nan,nan,1,nan,nan,nan,nan,nan
93,1755,2,113,20,,13,2021-05-07 14:41:45,2021-05-07 14:41:45,nan,nan,nan,nan,0,nan,nan,nan,nan,nan,nan
94,1754,2,113,19,,11,2021-05-07 14:41:45,2021-05-07 14:41:45,nan,nan,nan,0,nan,nan,nan,nan,nan,nan,nan
95,1753,2,113,18,,9,2021-05-07 14:41:45,2021-05-07 14:41:45,nan,nan,0,nan,nan,nan,nan,nan,nan,nan,nan
96,1752,2,113,17,,7,2021-05-07 14:41:45,2021-05-07 14:41:45,nan,0,nan,nan,nan,nan,nan,nan,nan,nan,nan
97,1751,2,113,16,,5,2021-05-07 14:41:45,2021-05-07 14:41:45,0,nan,nan,nan,nan,nan,nan,nan,nan,nan,nan
98,1750,2,113,26,,25,2021-05-05 14:10:45,2021-05-05 14:10:45,nan,nan,nan,nan,nan,nan,nan,nan,nan,nan,0
99,1749,2,113,25,,23,2021-05-05 14:10:45,2021-05-05 14:10:45,nan,nan,nan,nan,nan,nan,nan,nan,nan,0,nan
100,1748,2,113,24,,21,2021-05-05 14:10:45,2021-05-05 14:10:45,nan,nan,nan,nan,nan,nan,nan,nan,0,nan,nan
101,1747,2,113,23,,19,2021-05-05 14:10:45,2021-05-05 14:10:45,nan,nan,nan,nan,nan,nan,nan,0,nan,nan,nan
102,1746,2,113,22,,17,2021-05-05 14:10:45,2021-05-05 14:10:45,nan,nan,nan,nan,nan,nan,0,nan,nan,nan,nan
103,1745,2,113,21,,15,2021-05-05 14:10:45,2021-05-05 14:10:45,nan,nan,nan,nan,nan,0,nan,nan,nan,nan,nan
104,1744,2,113,20,,13,2021-05-05 14:10:45,2021-05-05 14:10:45,nan,nan,nan,nan,0,nan,nan,nan,nan,nan,nan
105,1743,2,113,19,,11,2021-05-05 14:10:45,2021-05-05 14:10:45,nan,nan,nan,0,nan,nan,nan,nan,nan,nan,nan
106,1742,2,113,18,,9,2021-05-05 14:10:45,2021-05-05 14:10:45,nan,nan,0,nan,nan,nan,nan,nan,nan,nan,nan
107,1741,2,113,17,,7,2021-05-05 14:10:45,2021-05-05 14:10:45,nan,0,nan,nan,nan,nan,nan,nan,nan,nan,nan
108,1740,2,113,16,,5,2021-05-05 14:10:45,2021-05-05 14:10:45,0,nan,nan,nan,nan,nan,nan,nan,nan,nan,nan
109,1734,2,113,26,,25,2021-05-03 16:12:50,2021-05-03 16:12:50,nan,nan,nan,nan,nan,nan,nan,nan,nan,nan,0
110,1733,2,113,25,,23,2021-05-03 16:12:50,2021-05-03 16:12:50,nan,nan,nan,nan,nan,nan,nan,nan,nan,0,nan
111,1732,2,113,24,,21,2021-05-03 16:12:50,2021-05-03 16:12:50,nan,nan,nan,nan,nan,nan,nan,nan,0,nan,nan
112,1731,2,113,23,,19,2021-05-03 16:12:50,2021-05-03 16:12:50,nan,nan,nan,nan,nan,nan,nan,0,nan,nan,nan
113,1730,2,113,22,,17,2021-05-03 16:12:50,2021-05-03 16:12:50,nan,nan,nan,nan,nan,nan,0,nan,nan,nan,nan
114,1729,2,113,21,,15,2021-05-03 16:12:50,2021-05-03 16:12:50,nan,nan,nan,nan,nan,0,nan,nan,nan,nan,nan
115,1728,2,113,20,,13,2021-05-03 16:12:50,2021-05-03 16:12:50,nan,nan,nan,nan,0,nan,nan,nan,nan,nan,nan
116,1727,2,113,19,,11,2021-05-03 16:12:50,2021-05-03 16:12:50,nan,nan,nan,0,nan,nan,nan,nan,nan,nan,nan
117,1726,2,113,18,,9,2021-05-03 16:12:50,2021-05-03 16:12:50,nan,nan,0,nan,nan,nan,nan,nan,nan,nan,nan
118,1725,2,113,17,,7,2021-05-03 16:12:50,2021-05-03 16:12:50,nan,0,nan,nan,nan,nan,nan,nan,nan,nan,nan
119,1724,2,113,26,,5,2021-05-03 16:12:50,2021-05-03 16:12:50,nan,nan,nan,nan,nan,nan,nan,nan,nan,nan,null
120,1623,2,113,26,ok,25,2021-04-30 14:51:08,2021-04-30 14:51:08,nan,nan,nan,nan,nan,nan,nan,nan,nan,nan,0
121,1429,2,113,26,,5,2021-04-21 17:16:01,2021-04-21 17:16:01,nan,nan,nan,nan,nan,nan,nan,nan,nan,nan,null
122,1430,2,113,17,,7,2021-04-21 17:16:01,2021-04-21 17:16:01,nan,0,nan,nan,nan,nan,nan,nan,nan,nan,nan
123,1431,2,113,18,,9,2021-04-21 17:16:01,2021-04-21 17:16:01,nan,nan,0,nan,nan,nan,nan,nan,nan,nan,nan
124,1432,2,113,19,,11,2021-04-21 17:16:01,2021-04-21 17:16:01,nan,nan,nan,0,nan,nan,nan,nan,nan,nan,nan
125,1433,2,113,20,,13,2021-04-21 17:16:01,2021-04-21 17:16:01,nan,nan,nan,nan,0,nan,nan,nan,nan,nan,nan
126,1434,2,113,21,,15,2021-04-21 17:16:01,2021-04-21 17:16:01,nan,nan,nan,nan,nan,0,nan,nan,nan,nan,nan
127,1435,2,113,22,,17,2021-04-21 17:16:01,2021-04-21 17:16:01,nan,nan,nan,nan,nan,nan,0,nan,nan,nan,nan
128,1436,2,113,23,,19,2021-04-21 17:16:01,2021-04-21 17:16:01,nan,nan,nan,nan,nan,nan,nan,0,nan,nan,nan
129,1437,2,113,24,,21,2021-04-21 17:16:01,2021-04-21 17:16:01,nan,nan,nan,nan,nan,nan,nan,nan,0,nan,nan
130,1438,2,113,25,,23,2021-04-21 17:16:01,2021-04-21 17:16:01,nan,nan,nan,nan,nan,nan,nan,nan,nan,0,nan
131,1439,2,113,26,,25,2021-04-21 17:16:01,2021-04-21 17:16:01,nan,nan,nan,nan,nan,nan,nan,nan,nan,nan,0
132,615,2,121,26,,27,2021-03-22 09:27:43,2021-03-22 09:27:43,nan,nan,nan,nan,nan,nan,nan,nan,nan,nan,1
133,617,2,121,18,,9,2021-03-22 09:27:43,2021-03-22 09:27:43,nan,nan,0,nan,nan,nan,nan,nan,nan,nan,nan
134,618,2,121,19,,11,2021-03-22 09:27:43,2021-03-22 09:27:43,nan,nan,nan,0,nan,nan,nan,nan,nan,nan,nan
135,619,2,121,20,,13,2021-03-22 09:27:43,2021-03-22 09:27:43,nan,nan,nan,nan,0,nan,nan,nan,nan,nan,nan
136,620,2,121,21,,28,2021-03-22 09:27:43,2021-03-22 09:27:43,nan,nan,nan,nan,nan,2,nan,nan,nan,nan,nan
137,621,2,121,22,,29,2021-03-22 09:27:43,2021-03-22 09:27:43,nan,nan,nan,nan,nan,nan,3,nan,nan,nan,nan
138,622,2,121,23,,28,2021-03-22 09:27:43,2021-03-22 09:27:43,nan,nan,nan,nan,nan,nan,nan,2,nan,nan,nan
139,623,2,121,24,,30,2021-03-22 09:27:43,2021-03-22 09:27:43,nan,nan,nan,nan,nan,nan,nan,nan,4,nan,nan
140,624,2,121,25,,27,2021-03-22 09:27:43,2021-03-22 09:27:43,nan,nan,nan,nan,nan,nan,nan,nan,nan,1,nan
141,625,2,121,26,sabor margo,25,2021-03-22 09:27:43,2021-03-22 09:27:43,nan,nan,nan,nan,nan,nan,nan,nan,nan,nan,0
142,686,2,121,26,,28,2021-03-24 10:20:36,2021-03-24 10:20:36,nan,nan,nan,nan,nan,nan,nan,nan,nan,nan,2
143,687,2,121,17,,29,2021-03-24 10:20:36,2021-03-24 10:20:36,nan,3,nan,nan,nan,nan,nan,nan,nan,nan,nan
144,688,2,121,18,,9,2021-03-24 10:20:36,2021-03-24 10:20:36,nan,nan,0,nan,nan,nan,nan,nan,nan,nan,nan
145,689,2,121,19,,11,2021-03-24 10:20:36,2021-03-24 10:20:36,nan,nan,nan,0,nan,nan,nan,nan,nan,nan,nan
146,690,2,121,20,,13,2021-03-24 10:20:36,2021-03-24 10:20:36,nan,nan,nan,nan,0,nan,nan,nan,nan,nan,nan
147,691,2,121,21,,29,2021-03-24 10:20:36,2021-03-24 10:20:36,nan,nan,nan,nan,nan,3,nan,nan,nan,nan,nan
148,692,2,121,22,,28,2021-03-24 10:20:36,2021-03-24 10:20:36,nan,nan,nan,nan,nan,nan,2,nan,nan,nan,nan
149,693,2,121,23,,28,2021-03-24 10:20:36,2021-03-24 10:20:36,nan,nan,nan,nan,nan,nan,nan,2,nan,nan,nan
150,694,2,121,24,,29,2021-03-24 10:20:36,2021-03-24 10:20:36,nan,nan,nan,nan,nan,nan,nan,nan,3,nan,nan
151,695,2,121,25,,29,2021-03-24 10:20:36,2021-03-24 10:20:36,nan,nan,nan,nan,nan,nan,nan,nan,nan,3,nan
152,696,2,121,26,boca amarga,25,2021-03-24 10:20:36,2021-03-24 10:20:36,nan,nan,nan,nan,nan,nan,nan,nan,nan,nan,0
153,707,2,121,26,,5,2021-03-26 11:25:18,2021-03-26 11:25:18,nan,nan,nan,nan,nan,nan,nan,nan,nan,nan,null
154,708,2,121,17,,28,2021-03-26 11:25:18,2021-03-26 11:25:18,nan,2,nan,nan,nan,nan,nan,nan,nan,nan,nan
155,709,2,121,18,,29,2021-03-26 11:25:18,2021-03-26 11:25:18,nan,nan,3,nan,nan,nan,nan,nan,nan,nan,nan
156,710,2,121,19,,11,2021-03-26 11:25:18,2021-03-26 11:25:18,nan,nan,nan,0,nan,nan,nan,nan,nan,nan,nan
157,711,2,121,20,,13,2021-03-26 11:25:18,2021-03-26 11:25:18,nan,nan,nan,nan,0,nan,nan,nan,nan,nan,nan
158,712,2,121,21,,29,2021-03-26 11:25:18,2021-03-26 11:25:18,nan,nan,nan,nan,nan,3,nan,nan,nan,nan,nan
159,713,2,121,22,,30,2021-03-26 11:25:18,2021-03-26 11:25:18,nan,nan,nan,nan,nan,nan,4,nan,nan,nan,nan
160,714,2,121,23,,28,2021-03-26 11:25:18,2021-03-26 11:25:18,nan,nan,nan,nan,nan,nan,nan,2,nan,nan,nan
161,715,2,121,24,,29,2021-03-26 11:25:18,2021-03-26 11:25:18,nan,nan,nan,nan,nan,nan,nan,nan,3,nan,nan
162,716,2,121,25,,29,2021-03-26 11:25:18,2021-03-26 11:25:18,nan,nan,nan,nan,nan,nan,nan,nan,nan,3,nan
163,717,2,121,26,boca amarga,25,2021-03-26 11:25:18,2021-03-26 11:25:18,nan,nan,nan,nan,nan,nan,nan,nan,nan,nan,0
164,733,2,121,26,,5,2021-03-29 11:34:13,2021-03-29 11:34:13,nan,nan,nan,nan,nan,nan,nan,nan,nan,nan,null
165,734,2,121,17,,27,2021-03-29 11:34:13,2021-03-29 11:34:13,nan,1,nan,nan,nan,nan,nan,nan,nan,nan,nan
166,735,2,121,18,,9,2021-03-29 11:34:13,2021-03-29 11:34:13,nan,nan,0,nan,nan,nan,nan,nan,nan,nan,nan
167,736,2,121,19,,11,2021-03-29 11:34:13,2021-03-29 11:34:13,nan,nan,nan,0,nan,nan,nan,nan,nan,nan,nan
168,737,2,121,20,,13,2021-03-29 11:34:13,2021-03-29 11:34:13,nan,nan,nan,nan,0,nan,nan,nan,nan,nan,nan
169,738,2,121,21,,28,2021-03-29 11:34:13,2021-03-29 11:34:13,nan,nan,nan,nan,nan,2,nan,nan,nan,nan,nan
170,739,2,121,22,,27,2021-03-29 11:34:13,2021-03-29 11:34:13,nan,nan,nan,nan,nan,nan,1,nan,nan,nan,nan
171,740,2,121,23,,27,2021-03-29 11:34:13,2021-03-29 11:34:13,nan,nan,nan,nan,nan,nan,nan,1,nan,nan,nan
172,741,2,121,24,,30,2021-03-29 11:34:13,2021-03-29 11:34:13,nan,nan,nan,nan,nan,nan,nan,nan,4,nan,nan
173,742,2,121,25,,28,2021-03-29 11:34:13,2021-03-29 11:34:13,nan,nan,nan,nan,nan,nan,nan,nan,nan,2,nan
174,743,2,121,26,boca amarga,25,2021-03-29 11:34:13,2021-03-29 11:34:13,nan,nan,nan,nan,nan,nan,nan,nan,nan,nan,0
175,542,2,121,26,,5,2021-03-15 09:30:07,2021-03-15 09:30:07,nan,nan,nan,nan,nan,nan,nan,nan,nan,nan,null
176,543,2,121,17,,31,2021-03-15 09:30:07,2021-03-15 09:30:07,nan,5,nan,nan,nan,nan,nan,nan,nan,nan,nan
177,544,2,121,18,,9,2021-03-15 09:30:07,2021-03-15 09:30:07,nan,nan,0,nan,nan,nan,nan,nan,nan,nan,nan
178,545,2,121,19,,11,2021-03-15 09:30:07,2021-03-15 09:30:07,nan,nan,nan,0,nan,nan,nan,nan,nan,nan,nan
179,546,2,121,20,,13,2021-03-15 09:30:07,2021-03-15 09:30:07,nan,nan,nan,nan,0,nan,nan,nan,nan,nan,nan
180,547,2,121,21,,31,2021-03-15 09:30:07,2021-03-15 09:30:07,nan,nan,nan,nan,nan,5,nan,nan,nan,nan,nan
181,548,2,121,22,,29,2021-03-15 09:30:07,2021-03-15 09:30:07,nan,nan,nan,nan,nan,nan,3,nan,nan,nan,nan
182,549,2,121,23,,19,2021-03-15 09:30:07,2021-03-15 09:30:07,nan,nan,nan,nan,nan,nan,nan,0,nan,nan,nan
183,550,2,121,24,,32,2021-03-15 09:30:07,2021-03-15 09:30:07,nan,nan,nan,nan,nan,nan,nan,nan,6,nan,nan
184,551,2,121,25,,29,2021-03-15 09:30:07,2021-03-15 09:30:07,nan,nan,nan,nan,nan,nan,nan,nan,nan,3,nan
185,552,2,121,26,boca muy amarga,32,2021-03-15 09:30:07,2021-03-15 09:30:07,nan,nan,nan,nan,nan,nan,nan,nan,nan,nan,6
186,558,2,121,26,,5,2021-03-17 07:37:53,2021-03-17 07:37:53,nan,nan,nan,nan,nan,nan,nan,nan,nan,nan,null
187,559,2,121,17,,27,2021-03-17 07:37:53,2021-03-17 07:37:53,nan,1,nan,nan,nan,nan,nan,nan,nan,nan,nan
188,560,2,121,18,,9,2021-03-17 07:37:53,2021-03-17 07:37:53,nan,nan,0,nan,nan,nan,nan,nan,nan,nan,nan
189,561,2,121,19,,11,2021-03-17 07:37:53,2021-03-17 07:37:53,nan,nan,nan,0,nan,nan,nan,nan,nan,nan,nan
190,562,2,121,20,,13,2021-03-17 07:37:53,2021-03-17 07:37:53,nan,nan,nan,nan,0,nan,nan,nan,nan,nan,nan
191,563,2,121,21,,28,2021-03-17 07:37:53,2021-03-17 07:37:53,nan,nan,nan,nan,nan,2,nan,nan,nan,nan,nan
192,564,2,121,22,,28,2021-03-17 07:37:53,2021-03-17 07:37:53,nan,nan,nan,nan,nan,nan,2,nan,nan,nan,nan
193,565,2,121,23,,28,2021-03-17 07:37:53,2021-03-17 07:37:53,nan,nan,nan,nan,nan,nan,nan,2,nan,nan,nan
194,566,2,121,24,,27,2021-03-17 07:37:53,2021-03-17 07:37:53,nan,nan,nan,nan,nan,nan,nan,nan,1,nan,nan
195,567,2,121,25,,28,2021-03-17 07:37:53,2021-03-17 07:37:53,nan,nan,nan,nan,nan,nan,nan,nan,nan,2,nan
196,568,2,121,26,boca sabor amargo,25,2021-03-17 07:37:53,2021-03-17 07:37:53,nan,nan,nan,nan,nan,nan,nan,nan,nan,nan,0
197,599,2,121,26,,27,2021-03-19 08:27:58,2021-03-19 08:27:58,nan,nan,nan,nan,nan,nan,nan,nan,nan,nan,1
198,600,2,121,17,,28,2021-03-19 08:27:58,2021-03-19 08:27:58,nan,2,nan,nan,nan,nan,nan,nan,nan,nan,nan
199,601,2,121,18,,9,2021-03-19 08:27:58,2021-03-19 08:27:58,nan,nan,0,nan,nan,nan,nan,nan,nan,nan,nan
200,602,2,121,19,,11,2021-03-19 08:27:58,2021-03-19 08:27:58,nan,nan,nan,0,nan,nan,nan,nan,nan,nan,nan
201,603,2,121,20,,13,2021-03-19 08:27:58,2021-03-19 08:27:58,nan,nan,nan,nan,0,nan,nan,nan,nan,nan,nan
202,604,2,121,21,,28,2021-03-19 08:27:58,2021-03-19 08:27:58,nan,nan,nan,nan,nan,2,nan,nan,nan,nan,nan
203,605,2,121,22,,28,2021-03-19 08:27:58,2021-03-19 08:27:58,nan,nan,nan,nan,nan,nan,2,nan,nan,nan,nan
204,606,2,121,23,,28,2021-03-19 08:27:58,2021-03-19 08:27:58,nan,nan,nan,nan,nan,nan,nan,2,nan,nan,nan
205,607,2,121,24,,29,2021-03-19 08:27:58,2021-03-19 08:27:58,nan,nan,nan,nan,nan,nan,nan,nan,3,nan,nan
206,608,2,121,25,,29,2021-03-19 08:27:58,2021-03-19 08:27:58,nan,nan,nan,nan,nan,nan,nan,nan,nan,3,nan
207,609,2,121,26,boca amarga,25,2021-03-19 08:27:58,2021-03-19 08:27:58,nan,nan,nan,nan,nan,nan,nan,nan,nan,nan,0
208,616,2,121,17,,27,2021-03-22 09:27:43,2021-03-22 09:27:43,nan,1,nan,nan,nan,nan,nan,nan,nan,nan,nan
209,435,2,122,26,,25,2021-02-26 11:37:33,2021-02-26 11:37:33,nan,nan,nan,nan,nan,nan,nan,nan,nan,nan,0
210,434,2,122,25,,29,2021-02-26 11:37:33,2021-02-26 11:37:33,nan,nan,nan,nan,nan,nan,nan,nan,nan,3,nan
211,433,2,122,24,,31,2021-02-26 11:37:33,2021-02-26 11:37:33,nan,nan,nan,nan,nan,nan,nan,nan,5,nan,nan
212,432,2,122,23,,19,2021-02-26 11:37:33,2021-02-26 11:37:33,nan,nan,nan,nan,nan,nan,nan,0,nan,nan,nan
213,431,2,122,22,,17,2021-02-26 11:37:33,2021-02-26 11:37:33,nan,nan,nan,nan,nan,nan,0,nan,nan,nan,nan
214,430,2,122,21,,29,2021-02-26 11:37:33,2021-02-26 11:37:33,nan,nan,nan,nan,nan,3,nan,nan,nan,nan,nan
215,429,2,122,20,,13,2021-02-26 11:37:33,2021-02-26 11:37:33,nan,nan,nan,nan,0,nan,nan,nan,nan,nan,nan
216,428,2,122,19,,11,2021-02-26 11:37:33,2021-02-26 11:37:33,nan,nan,nan,0,nan,nan,nan,nan,nan,nan,nan
217,427,2,122,18,,9,2021-02-26 11:37:33,2021-02-26 11:37:33,nan,nan,0,nan,nan,nan,nan,nan,nan,nan,nan
218,426,2,122,17,,7,2021-02-26 11:37:33,2021-02-26 11:37:33,nan,0,nan,nan,nan,nan,nan,nan,nan,nan,nan
219,425,2,122,26,,5,2021-02-26 11:37:33,2021-02-26 11:37:33,nan,nan,nan,nan,nan,nan,nan,nan,nan,nan,null
220,404,2,122,26,,25,2021-02-24 13:10:20,2021-02-24 13:10:20,nan,nan,nan,nan,nan,nan,nan,nan,nan,nan,0
221,403,2,122,25,,29,2021-02-24 13:10:20,2021-02-24 13:10:20,nan,nan,nan,nan,nan,nan,nan,nan,nan,3,nan
222,402,2,122,24,,31,2021-02-24 13:10:20,2021-02-24 13:10:20,nan,nan,nan,nan,nan,nan,nan,nan,5,nan,nan
223,401,2,122,23,,19,2021-02-24 13:10:20,2021-02-24 13:10:20,nan,nan,nan,nan,nan,nan,nan,0,nan,nan,nan
224,400,2,122,22,,17,2021-02-24 13:10:20,2021-02-24 13:10:20,nan,nan,nan,nan,nan,nan,0,nan,nan,nan,nan
225,399,2,122,21,,27,2021-02-24 13:10:20,2021-02-24 13:10:20,nan,nan,nan,nan,nan,1,nan,nan,nan,nan,nan
226,398,2,122,20,,13,2021-02-24 13:10:20,2021-02-24 13:10:20,nan,nan,nan,nan,0,nan,nan,nan,nan,nan,nan
227,397,2,122,19,,11,2021-02-24 13:10:20,2021-02-24 13:10:20,nan,nan,nan,0,nan,nan,nan,nan,nan,nan,nan
228,396,2,122,18,,9,2021-02-24 13:10:20,2021-02-24 13:10:20,nan,nan,0,nan,nan,nan,nan,nan,nan,nan,nan
229,395,2,122,17,,7,2021-02-24 13:10:20,2021-02-24 13:10:20,nan,0,nan,nan,nan,nan,nan,nan,nan,nan,nan
230,481,2,122,26,,25,2021-03-08 13:06:32,2021-03-08 13:06:32,nan,nan,nan,nan,nan,nan,nan,nan,nan,nan,0
231,480,2,122,25,,29,2021-03-08 13:06:32,2021-03-08 13:06:32,nan,nan,nan,nan,nan,nan,nan,nan,nan,3,nan
232,479,2,122,24,,31,2021-03-08 13:06:32,2021-03-08 13:06:32,nan,nan,nan,nan,nan,nan,nan,nan,5,nan,nan
233,478,2,122,23,,19,2021-03-08 13:06:32,2021-03-08 13:06:32,nan,nan,nan,nan,nan,nan,nan,0,nan,nan,nan
234,477,2,122,22,,17,2021-03-08 13:06:32,2021-03-08 13:06:32,nan,nan,nan,nan,nan,nan,0,nan,nan,nan,nan
235,476,2,122,21,,29,2021-03-08 13:06:32,2021-03-08 13:06:32,nan,nan,nan,nan,nan,3,nan,nan,nan,nan,nan
236,475,2,122,20,,13,2021-03-08 13:06:32,2021-03-08 13:06:32,nan,nan,nan,nan,0,nan,nan,nan,nan,nan,nan
237,474,2,122,19,,11,2021-03-08 13:06:32,2021-03-08 13:06:32,nan,nan,nan,0,nan,nan,nan,nan,nan,nan,nan
238,473,2,122,18,,9,2021-03-08 13:06:32,2021-03-08 13:06:32,nan,nan,0,nan,nan,nan,nan,nan,nan,nan,nan
239,472,2,122,17,,7,2021-03-08 13:06:32,2021-03-08 13:06:32,nan,0,nan,nan,nan,nan,nan,nan,nan,nan,nan
240,357,2,122,26,,5,2021-02-19 16:31:36,2021-02-19 16:31:36,nan,nan,nan,nan,nan,nan,nan,nan,nan,nan,null
241,471,2,122,26,,5,2021-03-08 13:06:32,2021-03-08 13:06:32,nan,nan,nan,nan,nan,nan,nan,nan,nan,nan,null
242,358,2,122,17,,27,2021-02-19 16:31:36,2021-02-19 16:31:36,nan,1,nan,nan,nan,nan,nan,nan,nan,nan,nan
243,359,2,122,18,,9,2021-02-19 16:31:36,2021-02-19 16:31:36,nan,nan,0,nan,nan,nan,nan,nan,nan,nan,nan
244,360,2,122,19,,11,2021-02-19 16:31:36,2021-02-19 16:31:36,nan,nan,nan,0,nan,nan,nan,nan,nan,nan,nan
245,361,2,122,20,,27,2021-02-19 16:31:36,2021-02-19 16:31:36,nan,nan,nan,nan,1,nan,nan,nan,nan,nan,nan
246,362,2,122,21,,28,2021-02-19 16:31:36,2021-02-19 16:31:36,nan,nan,nan,nan,nan,2,nan,nan,nan,nan,nan
247,363,2,122,22,,17,2021-02-19 16:31:36,2021-02-19 16:31:36,nan,nan,nan,nan,nan,nan,0,nan,nan,nan,nan
248,364,2,122,23,,27,2021-02-19 16:31:36,2021-02-19 16:31:36,nan,nan,nan,nan,nan,nan,nan,1,nan,nan,nan
249,365,2,122,24,,31,2021-02-19 16:31:36,2021-02-19 16:31:36,nan,nan,nan,nan,nan,nan,nan,nan,5,nan,nan
250,366,2,122,25,,29,2021-02-19 16:31:36,2021-02-19 16:31:36,nan,nan,nan,nan,nan,nan,nan,nan,nan,3,nan
251,367,2,122,26,,25,2021-02-19 16:31:36,2021-02-19 16:31:36,nan,nan,nan,nan,nan,nan,nan,nan,nan,nan,0
252,378,2,122,26,,5,2021-02-22 11:06:06,2021-02-22 11:06:06,nan,nan,nan,nan,nan,nan,nan,nan,nan,nan,null
253,379,2,122,17,,7,2021-02-22 11:06:06,2021-02-22 11:06:06,nan,0,nan,nan,nan,nan,nan,nan,nan,nan,nan
254,380,2,122,18,,9,2021-02-22 11:06:06,2021-02-22 11:06:06,nan,nan,0,nan,nan,nan,nan,nan,nan,nan,nan
255,381,2,122,19,,11,2021-02-22 11:06:06,2021-02-22 11:06:06,nan,nan,nan,0,nan,nan,nan,nan,nan,nan,nan
256,382,2,122,20,,13,2021-02-22 11:06:06,2021-02-22 11:06:06,nan,nan,nan,nan,0,nan,nan,nan,nan,nan,nan
257,383,2,122,21,,15,2021-02-22 11:06:06,2021-02-22 11:06:06,nan,nan,nan,nan,nan,0,nan,nan,nan,nan,nan
258,384,2,122,22,,17,2021-02-22 11:06:06,2021-02-22 11:06:06,nan,nan,nan,nan,nan,nan,0,nan,nan,nan,nan
259,385,2,122,23,,27,2021-02-22 11:06:06,2021-02-22 11:06:06,nan,nan,nan,nan,nan,nan,nan,1,nan,nan,nan
260,386,2,122,24,,31,2021-02-22 11:06:06,2021-02-22 11:06:06,nan,nan,nan,nan,nan,nan,nan,nan,5,nan,nan
261,387,2,122,25,,29,2021-02-22 11:06:06,2021-02-22 11:06:06,nan,nan,nan,nan,nan,nan,nan,nan,nan,3,nan
262,388,2,122,26,,25,2021-02-22 11:06:06,2021-02-22 11:06:06,nan,nan,nan,nan,nan,nan,nan,nan,nan,nan,0
263,394,2,122,26,,5,2021-02-24 13:10:20,2021-02-24 13:10:20,nan,nan,nan,nan,nan,nan,nan,nan,nan,nan,null
264,2799,2,123,17,,30,2021-06-04 07:09:19,2021-06-04 07:09:19,nan,4,nan,nan,nan,nan,nan,nan,nan,nan,nan
265,2577,2,123,18,,28,2021-05-31 09:11:55,2021-05-31 09:11:55,nan,nan,2,nan,nan,nan,nan,nan,nan,nan,nan
266,2578,2,123,19,,29,2021-05-31 09:11:55,2021-05-31 09:11:55,nan,nan,nan,3,nan,nan,nan,nan,nan,nan,nan
267,2579,2,123,20,,27,2021-05-31 09:11:55,2021-05-31 09:11:55,nan,nan,nan,nan,1,nan,nan,nan,nan,nan,nan
268,2580,2,123,21,,32,2021-05-31 09:11:55,2021-05-31 09:11:55,nan,nan,nan,nan,nan,6,nan,nan,nan,nan,nan
269,2581,2,123,22,,28,2021-05-31 09:11:55,2021-05-31 09:11:55,nan,nan,nan,nan,nan,nan,2,nan,nan,nan,nan
270,2582,2,123,23,,28,2021-05-31 09:11:55,2021-05-31 09:11:55,nan,nan,nan,nan,nan,nan,nan,2,nan,nan,nan
271,2583,2,123,24,,31,2021-05-31 09:11:55,2021-05-31 09:11:55,nan,nan,nan,nan,nan,nan,nan,nan,5,nan,nan
272,2584,2,123,25,,30,2021-05-31 09:11:55,2021-05-31 09:11:55,nan,nan,nan,nan,nan,nan,nan,nan,nan,4,nan
273,2585,2,123,26,,32,2021-05-31 09:11:55,2021-05-31 09:11:55,nan,nan,nan,nan,nan,nan,nan,nan,nan,nan,6
274,2679,2,123,16,,33,2021-06-02 05:49:07,2021-06-02 05:49:07,7,nan,nan,nan,nan,nan,nan,nan,nan,nan,nan
275,2680,2,123,17,,33,2021-06-02 05:49:07,2021-06-02 05:49:07,nan,7,nan,nan,nan,nan,nan,nan,nan,nan,nan
276,2681,2,123,18,,31,2021-06-02 05:49:07,2021-06-02 05:49:07,nan,nan,5,nan,nan,nan,nan,nan,nan,nan,nan
277,2682,2,123,19,,11,2021-06-02 05:49:07,2021-06-02 05:49:07,nan,nan,nan,0,nan,nan,nan,nan,nan,nan,nan
278,2683,2,123,20,,13,2021-06-02 05:49:07,2021-06-02 05:49:07,nan,nan,nan,nan,0,nan,nan,nan,nan,nan,nan
279,2684,2,123,21,,28,2021-06-02 05:49:07,2021-06-02 05:49:07,nan,nan,nan,nan,nan,2,nan,nan,nan,nan,nan
280,2685,2,123,22,,29,2021-06-02 05:49:07,2021-06-02 05:49:07,nan,nan,nan,nan,nan,nan,3,nan,nan,nan,nan
281,2686,2,123,23,,28,2021-06-02 05:49:07,2021-06-02 05:49:07,nan,nan,nan,nan,nan,nan,nan,2,nan,nan,nan
282,2687,2,123,24,,33,2021-06-02 05:49:07,2021-06-02 05:49:07,nan,nan,nan,nan,nan,nan,nan,nan,7,nan,nan
283,2688,2,123,25,,30,2021-06-02 05:49:07,2021-06-02 05:49:07,nan,nan,nan,nan,nan,nan,nan,nan,nan,4,nan
284,2689,2,123,26,,30,2021-06-02 05:49:07,2021-06-02 05:49:07,nan,nan,nan,nan,nan,nan,nan,nan,nan,nan,4
285,2250,2,123,26,,25,2021-05-21 15:16:42,2021-05-21 15:16:42,nan,nan,nan,nan,nan,nan,nan,nan,nan,nan,0
286,2075,2,123,16,,32,2021-05-17 08:46:48,2021-05-17 08:46:48,6,nan,nan,nan,nan,nan,nan,nan,nan,nan,nan
287,2076,2,123,17,,33,2021-05-17 08:46:48,2021-05-17 08:46:48,nan,7,nan,nan,nan,nan,nan,nan,nan,nan,nan
288,2077,2,123,18,,9,2021-05-17 08:46:48,2021-05-17 08:46:48,nan,nan,0,nan,nan,nan,nan,nan,nan,nan,nan
289,2078,2,123,19,,11,2021-05-17 08:46:48,2021-05-17 08:46:48,nan,nan,nan,0,nan,nan,nan,nan,nan,nan,nan
290,2079,2,123,20,,32,2021-05-17 08:46:48,2021-05-17 08:46:48,nan,nan,nan,nan,6,nan,nan,nan,nan,nan,nan
291,2080,2,123,21,,33,2021-05-17 08:46:48,2021-05-17 08:46:48,nan,nan,nan,nan,nan,7,nan,nan,nan,nan,nan
292,2081,2,123,22,,33,2021-05-17 08:46:48,2021-05-17 08:46:48,nan,nan,nan,nan,nan,nan,7,nan,nan,nan,nan
293,2082,2,123,23,,19,2021-05-17 08:46:48,2021-05-17 08:46:48,nan,nan,nan,nan,nan,nan,nan,0,nan,nan,nan
294,2083,2,123,24,,31,2021-05-17 08:46:48,2021-05-17 08:46:48,nan,nan,nan,nan,nan,nan,nan,nan,5,nan,nan
295,2084,2,123,25,,23,2021-05-17 08:46:48,2021-05-17 08:46:48,nan,nan,nan,nan,nan,nan,nan,nan,nan,0,nan
296,2085,2,123,26,,25,2021-05-17 08:46:48,2021-05-17 08:46:48,nan,nan,nan,nan,nan,nan,nan,nan,nan,nan,0
297,2249,2,123,25,,31,2021-05-21 15:16:42,2021-05-21 15:16:42,nan,nan,nan,nan,nan,nan,nan,nan,nan,5,nan
298,2248,2,123,24,,33,2021-05-21 15:16:42,2021-05-21 15:16:42,nan,nan,nan,nan,nan,nan,nan,nan,7,nan,nan
299,2247,2,123,23,,19,2021-05-21 15:16:42,2021-05-21 15:16:42,nan,nan,nan,nan,nan,nan,nan,0,nan,nan,nan
300,2246,2,123,22,,17,2021-05-21 15:16:42,2021-05-21 15:16:42,nan,nan,nan,nan,nan,nan,0,nan,nan,nan,nan
301,2245,2,123,21,,34,2021-05-21 15:16:42,2021-05-21 15:16:42,nan,nan,nan,nan,nan,8,nan,nan,nan,nan,nan
302,2244,2,123,20,,32,2021-05-21 15:16:42,2021-05-21 15:16:42,nan,nan,nan,nan,6,nan,nan,nan,nan,nan,nan
303,2243,2,123,19,,11,2021-05-21 15:16:42,2021-05-21 15:16:42,nan,nan,nan,0,nan,nan,nan,nan,nan,nan,nan
304,2242,2,123,18,,32,2021-05-21 15:16:42,2021-05-21 15:16:42,nan,nan,6,nan,nan,nan,nan,nan,nan,nan,nan
305,2241,2,123,17,,33,2021-05-21 15:16:42,2021-05-21 15:16:42,nan,7,nan,nan,nan,nan,nan,nan,nan,nan,nan
306,2240,2,123,16,,32,2021-05-21 15:16:42,2021-05-21 15:16:42,6,nan,nan,nan,nan,nan,nan,nan,nan,nan,nan
307,2913,2,123,26,,28,2021-06-07 05:44:18,2021-06-07 05:44:18,nan,nan,nan,nan,nan,nan,nan,nan,nan,nan,2
308,2912,2,123,25,,30,2021-06-07 05:44:18,2021-06-07 05:44:18,nan,nan,nan,nan,nan,nan,nan,nan,nan,4,nan
309,2911,2,123,24,,33,2021-06-07 05:44:18,2021-06-07 05:44:18,nan,nan,nan,nan,nan,nan,nan,nan,7,nan,nan
310,2910,2,123,23,,28,2021-06-07 05:44:18,2021-06-07 05:44:18,nan,nan,nan,nan,nan,nan,nan,2,nan,nan,nan
311,2909,2,123,22,,29,2021-06-07 05:44:18,2021-06-07 05:44:18,nan,nan,nan,nan,nan,nan,3,nan,nan,nan,nan
312,2908,2,123,21,,31,2021-06-07 05:44:18,2021-06-07 05:44:18,nan,nan,nan,nan,nan,5,nan,nan,nan,nan,nan
313,2907,2,123,20,,13,2021-06-07 05:44:18,2021-06-07 05:44:18,nan,nan,nan,nan,0,nan,nan,nan,nan,nan,nan
314,2906,2,123,19,,11,2021-06-07 05:44:18,2021-06-07 05:44:18,nan,nan,nan,0,nan,nan,nan,nan,nan,nan,nan
315,2905,2,123,18,,29,2021-06-07 05:44:18,2021-06-07 05:44:18,nan,nan,3,nan,nan,nan,nan,nan,nan,nan,nan
316,2904,2,123,17,,30,2021-06-07 05:44:18,2021-06-07 05:44:18,nan,4,nan,nan,nan,nan,nan,nan,nan,nan,nan
317,2903,2,123,16,,28,2021-06-07 05:44:18,2021-06-07 05:44:18,2,nan,nan,nan,nan,nan,nan,nan,nan,nan,nan
318,2130,2,123,16,,31,2021-05-19 13:20:40,2021-05-19 13:20:40,5,nan,nan,nan,nan,nan,nan,nan,nan,nan,nan
319,2131,2,123,17,,31,2021-05-19 13:20:40,2021-05-19 13:20:40,nan,5,nan,nan,nan,nan,nan,nan,nan,nan,nan
320,2132,2,123,18,,30,2021-05-19 13:20:40,2021-05-19 13:20:40,nan,nan,4,nan,nan,nan,nan,nan,nan,nan,nan
321,2133,2,123,19,,11,2021-05-19 13:20:40,2021-05-19 13:20:40,nan,nan,nan,0,nan,nan,nan,nan,nan,nan,nan
322,2134,2,123,20,,31,2021-05-19 13:20:40,2021-05-19 13:20:40,nan,nan,nan,nan,5,nan,nan,nan,nan,nan,nan
323,2135,2,123,21,,34,2021-05-19 13:20:40,2021-05-19 13:20:40,nan,nan,nan,nan,nan,8,nan,nan,nan,nan,nan
324,2136,2,123,22,,32,2021-05-19 13:20:40,2021-05-19 13:20:40,nan,nan,nan,nan,nan,nan,6,nan,nan,nan,nan
325,2137,2,123,23,,29,2021-05-19 13:20:40,2021-05-19 13:20:40,nan,nan,nan,nan,nan,nan,nan,3,nan,nan,nan
326,2138,2,123,24,,31,2021-05-19 13:20:40,2021-05-19 13:20:40,nan,nan,nan,nan,nan,nan,nan,nan,5,nan,nan
327,2139,2,123,25,,32,2021-05-19 13:20:40,2021-05-19 13:20:40,nan,nan,nan,nan,nan,nan,nan,nan,nan,6,nan
328,2140,2,123,26,"dolor de garganta ,congention nasal",32,2021-05-19 13:20:40,2021-05-19 13:20:40,nan,nan,nan,nan,nan,nan,nan,nan,nan,nan,6
329,2808,2,123,26,,28,2021-06-04 07:09:19,2021-06-04 07:09:19,nan,nan,nan,nan,nan,nan,nan,nan,nan,nan,2
330,2807,2,123,25,,29,2021-06-04 07:09:19,2021-06-04 07:09:19,nan,nan,nan,nan,nan,nan,nan,nan,nan,3,nan
331,2806,2,123,24,,33,2021-06-04 07:09:19,2021-06-04 07:09:19,nan,nan,nan,nan,nan,nan,nan,nan,7,nan,nan
332,2805,2,123,23,,19,2021-06-04 07:09:19,2021-06-04 07:09:19,nan,nan,nan,nan,nan,nan,nan,0,nan,nan,nan
333,2804,2,123,22,,28,2021-06-04 07:09:19,2021-06-04 07:09:19,nan,nan,nan,nan,nan,nan,2,nan,nan,nan,nan
334,2803,2,123,21,,32,2021-06-04 07:09:19,2021-06-04 07:09:19,nan,nan,nan,nan,nan,6,nan,nan,nan,nan,nan
335,2802,2,123,20,,13,2021-06-04 07:09:19,2021-06-04 07:09:19,nan,nan,nan,nan,0,nan,nan,nan,nan,nan,nan
336,2801,2,123,19,,11,2021-06-04 07:09:19,2021-06-04 07:09:19,nan,nan,nan,0,nan,nan,nan,nan,nan,nan,nan
337,2800,2,123,18,,9,2021-06-04 07:09:19,2021-06-04 07:09:19,nan,nan,0,nan,nan,nan,nan,nan,nan,nan,nan
338,2576,2,123,17,,30,2021-05-31 09:11:55,2021-05-31 09:11:55,nan,4,nan,nan,nan,nan,nan,nan,nan,nan,nan
339,2798,2,123,16,,5,2021-06-04 07:09:19,2021-06-04 07:09:19,0,nan,nan,nan,nan,nan,nan,nan,nan,nan,nan
340,2575,2,123,16,,30,2021-05-31 09:11:55,2021-05-31 09:11:55,4,nan,nan,nan,nan,nan,nan,nan,nan,nan,nan
341,2486,2,125,26,,25,2021-05-28 08:05:32,2021-05-28 08:05:32,nan,nan,nan,nan,nan,nan,nan,nan,nan,nan,0
342,2485,2,125,25,,29,2021-05-28 08:05:32,2021-05-28 08:05:32,nan,nan,nan,nan,nan,nan,nan,nan,nan,3,nan
343,2484,2,125,24,,28,2021-05-28 08:05:32,2021-05-28 08:05:32,nan,nan,nan,nan,nan,nan,nan,nan,2,nan,nan
344,2483,2,125,23,,27,2021-05-28 08:05:32,2021-05-28 08:05:32,nan,nan,nan,nan,nan,nan,nan,1,nan,nan,nan
345,2482,2,125,22,,27,2021-05-28 08:05:32,2021-05-28 08:05:32,nan,nan,nan,nan,nan,nan,1,nan,nan,nan,nan
346,2481,2,125,21,,30,2021-05-28 08:05:32,2021-05-28 08:05:32,nan,nan,nan,nan,nan,4,nan,nan,nan,nan,nan
347,2480,2,125,20,,29,2021-05-28 08:05:32,2021-05-28 08:05:32,nan,nan,nan,nan,3,nan,nan,nan,nan,nan,nan
348,2479,2,125,19,,11,2021-05-28 08:05:32,2021-05-28 08:05:32,nan,nan,nan,0,nan,nan,nan,nan,nan,nan,nan
349,2478,2,125,18,,28,2021-05-28 08:05:32,2021-05-28 08:05:32,nan,nan,2,nan,nan,nan,nan,nan,nan,nan,nan
350,2477,2,125,17,,28,2021-05-28 08:05:32,2021-05-28 08:05:32,nan,2,nan,nan,nan,nan,nan,nan,nan,nan,nan
351,2476,2,125,16,,27,2021-05-28 08:05:32,2021-05-28 08:05:32,1,nan,nan,nan,nan,nan,nan,nan,nan,nan,nan
352,2564,2,125,16,,27,2021-05-31 08:21:37,2021-05-31 08:21:37,1,nan,nan,nan,nan,nan,nan,nan,nan,nan,nan
353,2565,2,125,17,,29,2021-05-31 08:21:37,2021-05-31 08:21:37,nan,3,nan,nan,nan,nan,nan,nan,nan,nan,nan
354,2566,2,125,18,,28,2021-05-31 08:21:37,2021-05-31 08:21:37,nan,nan,2,nan,nan,nan,nan,nan,nan,nan,nan
355,2567,2,125,19,,11,2021-05-31 08:21:37,2021-05-31 08:21:37,nan,nan,nan,0,nan,nan,nan,nan,nan,nan,nan
356,2568,2,125,20,,28,2021-05-31 08:21:37,2021-05-31 08:21:37,nan,nan,nan,nan,2,nan,nan,nan,nan,nan,nan
357,2569,2,125,21,,30,2021-05-31 08:21:37,2021-05-31 08:21:37,nan,nan,nan,nan,nan,4,nan,nan,nan,nan,nan
358,2570,2,125,22,,28,2021-05-31 08:21:37,2021-05-31 08:21:37,nan,nan,nan,nan,nan,nan,2,nan,nan,nan,nan
359,2571,2,125,23,,27,2021-05-31 08:21:37,2021-05-31 08:21:37,nan,nan,nan,nan,nan,nan,nan,1,nan,nan,nan
360,2572,2,125,24,,28,2021-05-31 08:21:37,2021-05-31 08:21:37,nan,nan,nan,nan,nan,nan,nan,nan,2,nan,nan
361,2573,2,125,25,,28,2021-05-31 08:21:37,2021-05-31 08:21:37,nan,nan,nan,nan,nan,nan,nan,nan,nan,2,nan
362,2574,2,125,26,,25,2021-05-31 08:21:37,2021-05-31 08:21:37,nan,nan,nan,nan,nan,nan,nan,nan,nan,nan,0
363,2699,2,125,25,,28,2021-06-02 08:42:44,2021-06-02 08:42:44,nan,nan,nan,nan,nan,nan,nan,nan,nan,2,nan
364,2698,2,125,24,,27,2021-06-02 08:42:44,2021-06-02 08:42:44,nan,nan,nan,nan,nan,nan,nan,nan,1,nan,nan
365,2697,2,125,23,,28,2021-06-02 08:42:44,2021-06-02 08:42:44,nan,nan,nan,nan,nan,nan,nan,2,nan,nan,nan
366,2696,2,125,22,,29,2021-06-02 08:42:44,2021-06-02 08:42:44,nan,nan,nan,nan,nan,nan,3,nan,nan,nan,nan
367,2695,2,125,21,,30,2021-06-02 08:42:44,2021-06-02 08:42:44,nan,nan,nan,nan,nan,4,nan,nan,nan,nan,nan
368,2694,2,125,20,,28,2021-06-02 08:42:44,2021-06-02 08:42:44,nan,nan,nan,nan,2,nan,nan,nan,nan,nan,nan
369,2693,2,125,19,,11,2021-06-02 08:42:44,2021-06-02 08:42:44,nan,nan,nan,0,nan,nan,nan,nan,nan,nan,nan
370,2692,2,125,18,,27,2021-06-02 08:42:44,2021-06-02 08:42:44,nan,nan,1,nan,nan,nan,nan,nan,nan,nan,nan
371,2691,2,125,17,,27,2021-06-02 08:42:44,2021-06-02 08:42:44,nan,1,nan,nan,nan,nan,nan,nan,nan,nan,nan
372,2690,2,125,16,,28,2021-06-02 08:42:44,2021-06-02 08:42:44,2,nan,nan,nan,nan,nan,nan,nan,nan,nan,nan
373,2820,2,125,16,,27,2021-06-04 09:13:08,2021-06-04 09:13:08,1,nan,nan,nan,nan,nan,nan,nan,nan,nan,nan
374,2427,2,125,26,,25,2021-05-26 08:51:02,2021-05-26 08:51:02,nan,nan,nan,nan,nan,nan,nan,nan,nan,nan,0
375,2426,2,125,25,,30,2021-05-26 08:51:02,2021-05-26 08:51:02,nan,nan,nan,nan,nan,nan,nan,nan,nan,4,nan
376,2425,2,125,24,,27,2021-05-26 08:51:02,2021-05-26 08:51:02,nan,nan,nan,nan,nan,nan,nan,nan,1,nan,nan
377,2424,2,125,23,,27,2021-05-26 08:51:02,2021-05-26 08:51:02,nan,nan,nan,nan,nan,nan,nan,1,nan,nan,nan
378,2423,2,125,22,,27,2021-05-26 08:51:02,2021-05-26 08:51:02,nan,nan,nan,nan,nan,nan,1,nan,nan,nan,nan
379,2422,2,125,21,,29,2021-05-26 08:51:02,2021-05-26 08:51:02,nan,nan,nan,nan,nan,3,nan,nan,nan,nan,nan
380,2421,2,125,20,,28,2021-05-26 08:51:02,2021-05-26 08:51:02,nan,nan,nan,nan,2,nan,nan,nan,nan,nan,nan
381,2420,2,125,19,,11,2021-05-26 08:51:02,2021-05-26 08:51:02,nan,nan,nan,0,nan,nan,nan,nan,nan,nan,nan
382,2419,2,125,18,,27,2021-05-26 08:51:02,2021-05-26 08:51:02,nan,nan,1,nan,nan,nan,nan,nan,nan,nan,nan
383,2418,2,125,17,,27,2021-05-26 08:51:02,2021-05-26 08:51:02,nan,1,nan,nan,nan,nan,nan,nan,nan,nan,nan
384,2417,2,125,16,,27,2021-05-26 08:51:02,2021-05-26 08:51:02,1,nan,nan,nan,nan,nan,nan,nan,nan,nan,nan
385,2935,2,125,26,,25,2021-06-07 08:38:24,2021-06-07 08:38:24,nan,nan,nan,nan,nan,nan,nan,nan,nan,nan,0
386,2934,2,125,25,,28,2021-06-07 08:38:24,2021-06-07 08:38:24,nan,nan,nan,nan,nan,nan,nan,nan,nan,2,nan
387,2933,2,125,24,,27,2021-06-07 08:38:24,2021-06-07 08:38:24,nan,nan,nan,nan,nan,nan,nan,nan,1,nan,nan
388,2932,2,125,23,,27,2021-06-07 08:38:24,2021-06-07 08:38:24,nan,nan,nan,nan,nan,nan,nan,1,nan,nan,nan
389,2931,2,125,22,,28,2021-06-07 08:38:24,2021-06-07 08:38:24,nan,nan,nan,nan,nan,nan,2,nan,nan,nan,nan
390,2930,2,125,21,,30,2021-06-07 08:38:24,2021-06-07 08:38:24,nan,nan,nan,nan,nan,4,nan,nan,nan,nan,nan
391,2929,2,125,20,,29,2021-06-07 08:38:24,2021-06-07 08:38:24,nan,nan,nan,nan,3,nan,nan,nan,nan,nan,nan
392,2928,2,125,19,,11,2021-06-07 08:38:24,2021-06-07 08:38:24,nan,nan,nan,0,nan,nan,nan,nan,nan,nan,nan
393,2927,2,125,18,,28,2021-06-07 08:38:24,2021-06-07 08:38:24,nan,nan,2,nan,nan,nan,nan,nan,nan,nan,nan
394,2926,2,125,17,,28,2021-06-07 08:38:24,2021-06-07 08:38:24,nan,2,nan,nan,nan,nan,nan,nan,nan,nan,nan
395,2925,2,125,16,,27,2021-06-07 08:38:24,2021-06-07 08:38:24,1,nan,nan,nan,nan,nan,nan,nan,nan,nan,nan
396,2163,2,125,16,,27,2021-05-21 07:38:05,2021-05-21 07:38:05,1,nan,nan,nan,nan,nan,nan,nan,nan,nan,nan
397,2164,2,125,17,,27,2021-05-21 07:38:05,2021-05-21 07:38:05,nan,1,nan,nan,nan,nan,nan,nan,nan,nan,nan
398,2165,2,125,18,,29,2021-05-21 07:38:05,2021-05-21 07:38:05,nan,nan,3,nan,nan,nan,nan,nan,nan,nan,nan
399,2166,2,125,19,,11,2021-05-21 07:38:05,2021-05-21 07:38:05,nan,nan,nan,0,nan,nan,nan,nan,nan,nan,nan
400,2167,2,125,20,,27,2021-05-21 07:38:05,2021-05-21 07:38:05,nan,nan,nan,nan,1,nan,nan,nan,nan,nan,nan
401,2168,2,125,21,,30,2021-05-21 07:38:05,2021-05-21 07:38:05,nan,nan,nan,nan,nan,4,nan,nan,nan,nan,nan
402,2169,2,125,22,,28,2021-05-21 07:38:05,2021-05-21 07:38:05,nan,nan,nan,nan,nan,nan,2,nan,nan,nan,nan
403,2170,2,125,23,,27,2021-05-21 07:38:05,2021-05-21 07:38:05,nan,nan,nan,nan,nan,nan,nan,1,nan,nan,nan
404,2171,2,125,24,,31,2021-05-21 07:38:05,2021-05-21 07:38:05,nan,nan,nan,nan,nan,nan,nan,nan,5,nan,nan
405,2172,2,125,25,,29,2021-05-21 07:38:05,2021-05-21 07:38:05,nan,nan,nan,nan,nan,nan,nan,nan,nan,3,nan
406,2173,2,125,26,,25,2021-05-21 07:38:05,2021-05-21 07:38:05,nan,nan,nan,nan,nan,nan,nan,nan,nan,nan,0
407,2327,2,125,16,,27,2021-05-24 07:19:08,2021-05-24 07:19:08,1,nan,nan,nan,nan,nan,nan,nan,nan,nan,nan
408,2328,2,125,17,,29,2021-05-24 07:19:08,2021-05-24 07:19:08,nan,3,nan,nan,nan,nan,nan,nan,nan,nan,nan
409,2329,2,125,18,,27,2021-05-24 07:19:08,2021-05-24 07:19:08,nan,nan,1,nan,nan,nan,nan,nan,nan,nan,nan
410,2330,2,125,19,,27,2021-05-24 07:19:08,2021-05-24 07:19:08,nan,nan,nan,1,nan,nan,nan,nan,nan,nan,nan
411,2331,2,125,20,,28,2021-05-24 07:19:08,2021-05-24 07:19:08,nan,nan,nan,nan,2,nan,nan,nan,nan,nan,nan
412,2332,2,125,21,,31,2021-05-24 07:19:08,2021-05-24 07:19:08,nan,nan,nan,nan,nan,5,nan,nan,nan,nan,nan
413,2333,2,125,22,,29,2021-05-24 07:19:08,2021-05-24 07:19:08,nan,nan,nan,nan,nan,nan,3,nan,nan,nan,nan
414,2334,2,125,23,,28,2021-05-24 07:19:08,2021-05-24 07:19:08,nan,nan,nan,nan,nan,nan,nan,2,nan,nan,nan
415,2335,2,125,24,,30,2021-05-24 07:19:08,2021-05-24 07:19:08,nan,nan,nan,nan,nan,nan,nan,nan,4,nan,nan
416,2336,2,125,25,,30,2021-05-24 07:19:08,2021-05-24 07:19:08,nan,nan,nan,nan,nan,nan,nan,nan,nan,4,nan
417,2952,2,125,16,,27,2021-06-09 09:29:25,2021-06-09 09:29:25,1,nan,nan,nan,nan,nan,nan,nan,nan,nan,nan
418,2953,2,125,17,,29,2021-06-09 09:29:25,2021-06-09 09:29:25,nan,3,nan,nan,nan,nan,nan,nan,nan,nan,nan
419,2954,2,125,18,,29,2021-06-09 09:29:25,2021-06-09 09:29:25,nan,nan,3,nan,nan,nan,nan,nan,nan,nan,nan
420,2955,2,125,19,,11,2021-06-09 09:29:25,2021-06-09 09:29:25,nan,nan,nan,0,nan,nan,nan,nan,nan,nan,nan
421,2956,2,125,20,,30,2021-06-09 09:29:25,2021-06-09 09:29:25,nan,nan,nan,nan,4,nan,nan,nan,nan,nan,nan
422,2957,2,125,21,,30,2021-06-09 09:29:25,2021-06-09 09:29:25,nan,nan,nan,nan,nan,4,nan,nan,nan,nan,nan
423,2958,2,125,22,,27,2021-06-09 09:29:25,2021-06-09 09:29:25,nan,nan,nan,nan,nan,nan,1,nan,nan,nan,nan
424,2959,2,125,23,,27,2021-06-09 09:29:25,2021-06-09 09:29:25,nan,nan,nan,nan,nan,nan,nan,1,nan,nan,nan
425,2960,2,125,24,,21,2021-06-09 09:29:25,2021-06-09 09:29:25,nan,nan,nan,nan,nan,nan,nan,nan,0,nan,nan
426,2961,2,125,25,,28,2021-06-09 09:29:25,2021-06-09 09:29:25,nan,nan,nan,nan,nan,nan,nan,nan,nan,2,nan
427,2962,2,125,26,,25,2021-06-09 09:29:25,2021-06-09 09:29:25,nan,nan,nan,nan,nan,nan,nan,nan,nan,nan,0
428,2337,2,125,26,,25,2021-05-24 07:19:08,2021-05-24 07:19:08,nan,nan,nan,nan,nan,nan,nan,nan,nan,nan,0
429,2830,2,125,26,,25,2021-06-04 09:13:08,2021-06-04 09:13:08,nan,nan,nan,nan,nan,nan,nan,nan,nan,nan,0
430,2829,2,125,25,,27,2021-06-04 09:13:08,2021-06-04 09:13:08,nan,nan,nan,nan,nan,nan,nan,nan,nan,1,nan
431,2828,2,125,24,,27,2021-06-04 09:13:08,2021-06-04 09:13:08,nan,nan,nan,nan,nan,nan,nan,nan,1,nan,nan
432,2827,2,125,23,,27,2021-06-04 09:13:08,2021-06-04 09:13:08,nan,nan,nan,nan,nan,nan,nan,1,nan,nan,nan
433,2826,2,125,22,,27,2021-06-04 09:13:08,2021-06-04 09:13:08,nan,nan,nan,nan,nan,nan,1,nan,nan,nan,nan
434,2825,2,125,21,,30,2021-06-04 09:13:08,2021-06-04 09:13:08,nan,nan,nan,nan,nan,4,nan,nan,nan,nan,nan
435,2824,2,125,20,,29,2021-06-04 09:13:08,2021-06-04 09:13:08,nan,nan,nan,nan,3,nan,nan,nan,nan,nan,nan
436,2823,2,125,19,,11,2021-06-04 09:13:08,2021-06-04 09:13:08,nan,nan,nan,0,nan,nan,nan,nan,nan,nan,nan
437,2822,2,125,18,,27,2021-06-04 09:13:08,2021-06-04 09:13:08,nan,nan,1,nan,nan,nan,nan,nan,nan,nan,nan
438,2821,2,125,17,,27,2021-06-04 09:13:08,2021-06-04 09:13:08,nan,1,nan,nan,nan,nan,nan,nan,nan,nan,nan
439,2700,2,125,26,,25,2021-06-02 08:42:44,2021-06-02 08:42:44,nan,nan,nan,nan,nan,nan,nan,nan,nan,nan,0
440,2223,2,126,16,,5,2021-05-21 14:30:44,2021-05-21 14:30:44,0,nan,nan,nan,nan,nan,nan,nan,nan,nan,nan
441,1945,2,126,16,,5,2021-05-14 08:26:19,2021-05-14 08:26:19,0,nan,nan,nan,nan,nan,nan,nan,nan,nan,nan
442,1946,2,126,16,,5,2021-05-14 08:26:19,2021-05-14 08:26:19,0,nan,nan,nan,nan,nan,nan,nan,nan,nan,nan
443,1947,2,126,18,,27,2021-05-14 08:26:19,2021-05-14 08:26:19,nan,nan,1,nan,nan,nan,nan,nan,nan,nan,nan
444,1948,2,126,16,,5,2021-05-14 08:26:19,2021-05-14 08:26:19,0,nan,nan,nan,nan,nan,nan,nan,nan,nan,nan
445,1949,2,126,16,,5,2021-05-14 08:26:19,2021-05-14 08:26:19,0,nan,nan,nan,nan,nan,nan,nan,nan,nan,nan
446,1950,2,126,16,,5,2021-05-14 08:26:19,2021-05-14 08:26:19,0,nan,nan,nan,nan,nan,nan,nan,nan,nan,nan
447,1951,2,126,16,,5,2021-05-14 08:26:19,2021-05-14 08:26:19,0,nan,nan,nan,nan,nan,nan,nan,nan,nan,nan
448,1952,2,126,16,,5,2021-05-14 08:26:19,2021-05-14 08:26:19,0,nan,nan,nan,nan,nan,nan,nan,nan,nan,nan
449,1953,2,126,24,,27,2021-05-14 08:26:19,2021-05-14 08:26:19,nan,nan,nan,nan,nan,nan,nan,nan,1,nan,nan
450,1954,2,126,16,,5,2021-05-14 08:26:19,2021-05-14 08:26:19,0,nan,nan,nan,nan,nan,nan,nan,nan,nan,nan
451,1955,2,126,16,,5,2021-05-14 08:26:19,2021-05-14 08:26:19,0,nan,nan,nan,nan,nan,nan,nan,nan,nan,nan
452,1956,2,126,16,,5,2021-05-14 08:26:55,2021-05-14 08:26:55,0,nan,nan,nan,nan,nan,nan,nan,nan,nan,nan
453,1957,2,126,16,,5,2021-05-14 08:26:55,2021-05-14 08:26:55,0,nan,nan,nan,nan,nan,nan,nan,nan,nan,nan
454,1958,2,126,16,,5,2021-05-14 08:26:55,2021-05-14 08:26:55,0,nan,nan,nan,nan,nan,nan,nan,nan,nan,nan
455,1959,2,126,16,,5,2021-05-14 08:26:55,2021-05-14 08:26:55,0,nan,nan,nan,nan,nan,nan,nan,nan,nan,nan
456,1960,2,126,16,,5,2021-05-14 08:26:55,2021-05-14 08:26:55,0,nan,nan,nan,nan,nan,nan,nan,nan,nan,nan
457,1961,2,126,16,,5,2021-05-14 08:26:55,2021-05-14 08:26:55,0,nan,nan,nan,nan,nan,nan,nan,nan,nan,nan
458,1962,2,126,16,,5,2021-05-14 08:26:55,2021-05-14 08:26:55,0,nan,nan,nan,nan,nan,nan,nan,nan,nan,nan
459,1963,2,126,16,,5,2021-05-14 08:26:55,2021-05-14 08:26:55,0,nan,nan,nan,nan,nan,nan,nan,nan,nan,nan
460,1964,2,126,16,,5,2021-05-14 08:26:55,2021-05-14 08:26:55,0,nan,nan,nan,nan,nan,nan,nan,nan,nan,nan
461,1965,2,126,16,,5,2021-05-14 08:26:55,2021-05-14 08:26:55,0,nan,nan,nan,nan,nan,nan,nan,nan,nan,nan
462,1966,2,126,16,,5,2021-05-14 08:26:55,2021-05-14 08:26:55,0,nan,nan,nan,nan,nan,nan,nan,nan,nan,nan
463,2086,2,126,16,,28,2021-05-17 14:11:30,2021-05-17 14:11:30,2,nan,nan,nan,nan,nan,nan,nan,nan,nan,nan
464,2087,2,126,17,,28,2021-05-17 14:11:30,2021-05-17 14:11:30,nan,2,nan,nan,nan,nan,nan,nan,nan,nan,nan
465,2088,2,126,18,,28,2021-05-17 14:11:30,2021-05-17 14:11:30,nan,nan,2,nan,nan,nan,nan,nan,nan,nan,nan
466,2089,2,126,19,,29,2021-05-17 14:11:30,2021-05-17 14:11:30,nan,nan,nan,3,nan,nan,nan,nan,nan,nan,nan
467,2090,2,126,20,,29,2021-05-17 14:11:30,2021-05-17 14:11:30,nan,nan,nan,nan,3,nan,nan,nan,nan,nan,nan
468,2091,2,126,21,,29,2021-05-17 14:11:30,2021-05-17 14:11:30,nan,nan,nan,nan,nan,3,nan,nan,nan,nan,nan
469,2092,2,126,22,,29,2021-05-17 14:11:30,2021-05-17 14:11:30,nan,nan,nan,nan,nan,nan,3,nan,nan,nan,nan
470,2093,2,126,23,,29,2021-05-17 14:11:30,2021-05-17 14:11:30,nan,nan,nan,nan,nan,nan,nan,3,nan,nan,nan
471,2094,2,126,24,,28,2021-05-17 14:11:30,2021-05-17 14:11:30,nan,nan,nan,nan,nan,nan,nan,nan,2,nan,nan
472,2095,2,126,25,,29,2021-05-17 14:11:30,2021-05-17 14:11:30,nan,nan,nan,nan,nan,nan,nan,nan,nan,3,nan
473,2096,2,126,16,,5,2021-05-17 14:11:30,2021-05-17 14:11:30,0,nan,nan,nan,nan,nan,nan,nan,nan,nan,nan
474,2097,2,126,16,,5,2021-05-17 14:12:55,2021-05-17 14:12:55,0,nan,nan,nan,nan,nan,nan,nan,nan,nan,nan
475,2098,2,126,16,,5,2021-05-17 14:12:55,2021-05-17 14:12:55,0,nan,nan,nan,nan,nan,nan,nan,nan,nan,nan
476,2099,2,126,16,,5,2021-05-17 14:12:55,2021-05-17 14:12:55,0,nan,nan,nan,nan,nan,nan,nan,nan,nan,nan
477,2100,2,126,16,,5,2021-05-17 14:12:55,2021-05-17 14:12:55,0,nan,nan,nan,nan,nan,nan,nan,nan,nan,nan
478,2101,2,126,16,,5,2021-05-17 14:12:55,2021-05-17 14:12:55,0,nan,nan,nan,nan,nan,nan,nan,nan,nan,nan
479,2102,2,126,16,,5,2021-05-17 14:12:55,2021-05-17 14:12:55,0,nan,nan,nan,nan,nan,nan,nan,nan,nan,nan
480,2103,2,126,16,,5,2021-05-17 14:12:55,2021-05-17 14:12:55,0,nan,nan,nan,nan,nan,nan,nan,nan,nan,nan
481,2104,2,126,16,,5,2021-05-17 14:12:55,2021-05-17 14:12:55,0,nan,nan,nan,nan,nan,nan,nan,nan,nan,nan
482,2105,2,126,16,,5,2021-05-17 14:12:55,2021-05-17 14:12:55,0,nan,nan,nan,nan,nan,nan,nan,nan,nan,nan
483,2106,2,126,16,,5,2021-05-17 14:12:55,2021-05-17 14:12:55,0,nan,nan,nan,nan,nan,nan,nan,nan,nan,nan
484,2107,2,126,16,,5,2021-05-17 14:12:55,2021-05-17 14:12:55,0,nan,nan,nan,nan,nan,nan,nan,nan,nan,nan
485,2141,2,126,16,,5,2021-05-19 14:05:03,2021-05-19 14:05:03,0,nan,nan,nan,nan,nan,nan,nan,nan,nan,nan
486,2142,2,126,16,,5,2021-05-19 14:05:03,2021-05-19 14:05:03,0,nan,nan,nan,nan,nan,nan,nan,nan,nan,nan
487,2143,2,126,16,,5,2021-05-19 14:05:03,2021-05-19 14:05:03,0,nan,nan,nan,nan,nan,nan,nan,nan,nan,nan
488,2144,2,126,16,,5,2021-05-19 14:05:03,2021-05-19 14:05:03,0,nan,nan,nan,nan,nan,nan,nan,nan,nan,nan
489,2145,2,126,16,,5,2021-05-19 14:05:03,2021-05-19 14:05:03,0,nan,nan,nan,nan,nan,nan,nan,nan,nan,nan
490,2146,2,126,16,,5,2021-05-19 14:05:03,2021-05-19 14:05:03,0,nan,nan,nan,nan,nan,nan,nan,nan,nan,nan
491,2147,2,126,16,,5,2021-05-19 14:05:03,2021-05-19 14:05:03,0,nan,nan,nan,nan,nan,nan,nan,nan,nan,nan
492,2148,2,126,16,,5,2021-05-19 14:05:03,2021-05-19 14:05:03,0,nan,nan,nan,nan,nan,nan,nan,nan,nan,nan
493,2149,2,126,16,,5,2021-05-19 14:05:03,2021-05-19 14:05:03,0,nan,nan,nan,nan,nan,nan,nan,nan,nan,nan
494,2150,2,126,16,,5,2021-05-19 14:05:03,2021-05-19 14:05:03,0,nan,nan,nan,nan,nan,nan,nan,nan,nan,nan
495,2151,2,126,16,,5,2021-05-19 14:05:03,2021-05-19 14:05:03,0,nan,nan,nan,nan,nan,nan,nan,nan,nan,nan
496,2152,2,126,16,,5,2021-05-19 14:06:44,2021-05-19 14:06:44,0,nan,nan,nan,nan,nan,nan,nan,nan,nan,nan
497,2153,2,126,16,,5,2021-05-19 14:06:44,2021-05-19 14:06:44,0,nan,nan,nan,nan,nan,nan,nan,nan,nan,nan
498,2154,2,126,16,,5,2021-05-19 14:06:44,2021-05-19 14:06:44,0,nan,nan,nan,nan,nan,nan,nan,nan,nan,nan
499,2155,2,126,16,,5,2021-05-19 14:06:44,2021-05-19 14:06:44,0,nan,nan,nan,nan,nan,nan,nan,nan,nan,nan
500,2156,2,126,16,,5,2021-05-19 14:06:44,2021-05-19 14:06:44,0,nan,nan,nan,nan,nan,nan,nan,nan,nan,nan
501,2157,2,126,16,,5,2021-05-19 14:06:44,2021-05-19 14:06:44,0,nan,nan,nan,nan,nan,nan,nan,nan,nan,nan
502,2158,2,126,16,,5,2021-05-19 14:06:44,2021-05-19 14:06:44,0,nan,nan,nan,nan,nan,nan,nan,nan,nan,nan
503,2159,2,126,16,,5,2021-05-19 14:06:44,2021-05-19 14:06:44,0,nan,nan,nan,nan,nan,nan,nan,nan,nan,nan
504,2160,2,126,16,,5,2021-05-19 14:06:44,2021-05-19 14:06:44,0,nan,nan,nan,nan,nan,nan,nan,nan,nan,nan
505,2161,2,126,16,,5,2021-05-19 14:06:44,2021-05-19 14:06:44,0,nan,nan,nan,nan,nan,nan,nan,nan,nan,nan
506,2162,2,126,16,,5,2021-05-19 14:06:44,2021-05-19 14:06:44,0,nan,nan,nan,nan,nan,nan,nan,nan,nan,nan
507,2196,2,126,16,,5,2021-05-21 14:26:01,2021-05-21 14:26:01,0,nan,nan,nan,nan,nan,nan,nan,nan,nan,nan
508,2197,2,126,16,,5,2021-05-21 14:26:01,2021-05-21 14:26:01,0,nan,nan,nan,nan,nan,nan,nan,nan,nan,nan
509,2198,2,126,16,,5,2021-05-21 14:26:01,2021-05-21 14:26:01,0,nan,nan,nan,nan,nan,nan,nan,nan,nan,nan
510,2199,2,126,16,,5,2021-05-21 14:26:01,2021-05-21 14:26:01,0,nan,nan,nan,nan,nan,nan,nan,nan,nan,nan
511,2200,2,126,16,,5,2021-05-21 14:26:01,2021-05-21 14:26:01,0,nan,nan,nan,nan,nan,nan,nan,nan,nan,nan
512,2201,2,126,16,,5,2021-05-21 14:26:01,2021-05-21 14:26:01,0,nan,nan,nan,nan,nan,nan,nan,nan,nan,nan
513,2202,2,126,16,,5,2021-05-21 14:26:01,2021-05-21 14:26:01,0,nan,nan,nan,nan,nan,nan,nan,nan,nan,nan
514,2203,2,126,16,,5,2021-05-21 14:26:01,2021-05-21 14:26:01,0,nan,nan,nan,nan,nan,nan,nan,nan,nan,nan
515,2204,2,126,16,,5,2021-05-21 14:26:01,2021-05-21 14:26:01,0,nan,nan,nan,nan,nan,nan,nan,nan,nan,nan
516,2205,2,126,16,,5,2021-05-21 14:26:01,2021-05-21 14:26:01,0,nan,nan,nan,nan,nan,nan,nan,nan,nan,nan
517,2206,2,126,16,,5,2021-05-21 14:26:01,2021-05-21 14:26:01,0,nan,nan,nan,nan,nan,nan,nan,nan,nan,nan
518,2207,2,126,16,,5,2021-05-21 14:29:45,2021-05-21 14:29:45,0,nan,nan,nan,nan,nan,nan,nan,nan,nan,nan
519,2208,2,126,16,,5,2021-05-21 14:29:45,2021-05-21 14:29:45,0,nan,nan,nan,nan,nan,nan,nan,nan,nan,nan
520,2209,2,126,16,,5,2021-05-21 14:29:45,2021-05-21 14:29:45,0,nan,nan,nan,nan,nan,nan,nan,nan,nan,nan
521,2210,2,126,16,,5,2021-05-21 14:29:45,2021-05-21 14:29:45,0,nan,nan,nan,nan,nan,nan,nan,nan,nan,nan
522,2211,2,126,16,,5,2021-05-21 14:29:45,2021-05-21 14:29:45,0,nan,nan,nan,nan,nan,nan,nan,nan,nan,nan
523,2212,2,126,16,,5,2021-05-21 14:29:45,2021-05-21 14:29:45,0,nan,nan,nan,nan,nan,nan,nan,nan,nan,nan
524,2213,2,126,16,,5,2021-05-21 14:29:45,2021-05-21 14:29:45,0,nan,nan,nan,nan,nan,nan,nan,nan,nan,nan
525,2214,2,126,16,,5,2021-05-21 14:29:45,2021-05-21 14:29:45,0,nan,nan,nan,nan,nan,nan,nan,nan,nan,nan
526,2215,2,126,16,,5,2021-05-21 14:29:45,2021-05-21 14:29:45,0,nan,nan,nan,nan,nan,nan,nan,nan,nan,nan
527,2216,2,126,16,,5,2021-05-21 14:29:45,2021-05-21 14:29:45,0,nan,nan,nan,nan,nan,nan,nan,nan,nan,nan
528,2217,2,126,16,,5,2021-05-21 14:29:45,2021-05-21 14:29:45,0,nan,nan,nan,nan,nan,nan,nan,nan,nan,nan
529,2218,2,126,16,,5,2021-05-21 14:30:44,2021-05-21 14:30:44,0,nan,nan,nan,nan,nan,nan,nan,nan,nan,nan
530,2219,2,126,16,,5,2021-05-21 14:30:44,2021-05-21 14:30:44,0,nan,nan,nan,nan,nan,nan,nan,nan,nan,nan
531,2220,2,126,16,,5,2021-05-21 14:30:44,2021-05-21 14:30:44,0,nan,nan,nan,nan,nan,nan,nan,nan,nan,nan
532,2221,2,126,16,,5,2021-05-21 14:30:44,2021-05-21 14:30:44,0,nan,nan,nan,nan,nan,nan,nan,nan,nan,nan
533,2222,2,126,16,,5,2021-05-21 14:30:44,2021-05-21 14:30:44,0,nan,nan,nan,nan,nan,nan,nan,nan,nan,nan
534,2224,2,126,16,,5,2021-05-21 14:30:44,2021-05-21 14:30:44,0,nan,nan,nan,nan,nan,nan,nan,nan,nan,nan
535,2225,2,126,16,,5,2021-05-21 14:30:44,2021-05-21 14:30:44,0,nan,nan,nan,nan,nan,nan,nan,nan,nan,nan
536,2226,2,126,16,,5,2021-05-21 14:30:44,2021-05-21 14:30:44,0,nan,nan,nan,nan,nan,nan,nan,nan,nan,nan
537,2227,2,126,16,,5,2021-05-21 14:30:44,2021-05-21 14:30:44,0,nan,nan,nan,nan,nan,nan,nan,nan,nan,nan
538,2228,2,126,16,,5,2021-05-21 14:30:44,2021-05-21 14:30:44,0,nan,nan,nan,nan,nan,nan,nan,nan,nan,nan
539,2229,2,126,16,,5,2021-05-21 14:55:26,2021-05-21 14:55:26,0,nan,nan,nan,nan,nan,nan,nan,nan,nan,nan
540,2230,2,126,17,,7,2021-05-21 14:55:26,2021-05-21 14:55:26,nan,0,nan,nan,nan,nan,nan,nan,nan,nan,nan
541,2231,2,126,16,,5,2021-05-21 14:55:26,2021-05-21 14:55:26,0,nan,nan,nan,nan,nan,nan,nan,nan,nan,nan
542,2232,2,126,19,,11,2021-05-21 14:55:26,2021-05-21 14:55:26,nan,nan,nan,0,nan,nan,nan,nan,nan,nan,nan
543,2233,2,126,16,,5,2021-05-21 14:55:26,2021-05-21 14:55:26,0,nan,nan,nan,nan,nan,nan,nan,nan,nan,nan
544,2234,2,126,16,,5,2021-05-21 14:55:26,2021-05-21 14:55:26,0,nan,nan,nan,nan,nan,nan,nan,nan,nan,nan
545,2235,2,126,16,,5,2021-05-21 14:55:26,2021-05-21 14:55:26,0,nan,nan,nan,nan,nan,nan,nan,nan,nan,nan
546,2236,2,126,16,,5,2021-05-21 14:55:26,2021-05-21 14:55:26,0,nan,nan,nan,nan,nan,nan,nan,nan,nan,nan
547,2237,2,126,16,,5,2021-05-21 14:55:26,2021-05-21 14:55:26,0,nan,nan,nan,nan,nan,nan,nan,nan,nan,nan
548,2238,2,126,16,,5,2021-05-21 14:55:26,2021-05-21 14:55:26,0,nan,nan,nan,nan,nan,nan,nan,nan,nan,nan
549,2239,2,126,16,,5,2021-05-21 14:55:26,2021-05-21 14:55:26,0,nan,nan,nan,nan,nan,nan,nan,nan,nan,nan
550,2251,2,126,16,,5,2021-05-21 15:46:35,2021-05-21 15:46:35,0,nan,nan,nan,nan,nan,nan,nan,nan,nan,nan
551,2252,2,126,17,,7,2021-05-21 15:46:35,2021-05-21 15:46:35,nan,0,nan,nan,nan,nan,nan,nan,nan,nan,nan
552,2253,2,126,18,,9,2021-05-21 15:46:35,2021-05-21 15:46:35,nan,nan,0,nan,nan,nan,nan,nan,nan,nan,nan
553,2254,2,126,19,,11,2021-05-21 15:46:35,2021-05-21 15:46:35,nan,nan,nan,0,nan,nan,nan,nan,nan,nan,nan
554,2255,2,126,20,,13,2021-05-21 15:46:35,2021-05-21 15:46:35,nan,nan,nan,nan,0,nan,nan,nan,nan,nan,nan
555,2256,2,126,21,,15,2021-05-21 15:46:35,2021-05-21 15:46:35,nan,nan,nan,nan,nan,0,nan,nan,nan,nan,nan
556,2257,2,126,22,,17,2021-05-21 15:46:35,2021-05-21 15:46:35,nan,nan,nan,nan,nan,nan,0,nan,nan,nan,nan
557,2258,2,126,23,,19,2021-05-21 15:46:35,2021-05-21 15:46:35,nan,nan,nan,nan,nan,nan,nan,0,nan,nan,nan
558,2259,2,126,24,,21,2021-05-21 15:46:35,2021-05-21 15:46:35,nan,nan,nan,nan,nan,nan,nan,nan,0,nan,nan
559,2260,2,126,25,,23,2021-05-21 15:46:35,2021-05-21 15:46:35,nan,nan,nan,nan,nan,nan,nan,nan,nan,0,nan
560,2261,2,126,16,,5,2021-05-21 15:46:35,2021-05-21 15:46:35,0,nan,nan,nan,nan,nan,nan,nan,nan,nan,nan
561,2385,2,126,16,,5,2021-05-24 14:48:37,2021-05-24 14:48:37,0,nan,nan,nan,nan,nan,nan,nan,nan,nan,nan
562,2386,2,126,17,,7,2021-05-24 14:48:37,2021-05-24 14:48:37,nan,0,nan,nan,nan,nan,nan,nan,nan,nan,nan
563,2387,2,126,18,,9,2021-05-24 14:48:37,2021-05-24 14:48:37,nan,nan,0,nan,nan,nan,nan,nan,nan,nan,nan
564,2388,2,126,19,,11,2021-05-24 14:48:37,2021-05-24 14:48:37,nan,nan,nan,0,nan,nan,nan,nan,nan,nan,nan
565,2389,2,126,20,,13,2021-05-24 14:48:37,2021-05-24 14:48:37,nan,nan,nan,nan,0,nan,nan,nan,nan,nan,nan
566,2390,2,126,21,,15,2021-05-24 14:48:37,2021-05-24 14:48:37,nan,nan,nan,nan,nan,0,nan,nan,nan,nan,nan
567,2391,2,126,22,,17,2021-05-24 14:48:37,2021-05-24 14:48:37,nan,nan,nan,nan,nan,nan,0,nan,nan,nan,nan
568,2392,2,126,23,,19,2021-05-24 14:48:37,2021-05-24 14:48:37,nan,nan,nan,nan,nan,nan,nan,0,nan,nan,nan
569,2393,2,126,24,,21,2021-05-24 14:48:37,2021-05-24 14:48:37,nan,nan,nan,nan,nan,nan,nan,nan,0,nan,nan
570,2394,2,126,25,,23,2021-05-24 14:48:37,2021-05-24 14:48:37,nan,nan,nan,nan,nan,nan,nan,nan,nan,0,nan
571,2395,2,126,16,,5,2021-05-24 14:48:37,2021-05-24 14:48:37,0,nan,nan,nan,nan,nan,nan,nan,nan,nan,nan
572,2439,2,126,16,,5,2021-05-26 14:35:56,2021-05-26 14:35:56,0,nan,nan,nan,nan,nan,nan,nan,nan,nan,nan
573,2440,2,126,17,,7,2021-05-26 14:35:56,2021-05-26 14:35:56,nan,0,nan,nan,nan,nan,nan,nan,nan,nan,nan
574,2441,2,126,16,,5,2021-05-26 14:35:56,2021-05-26 14:35:56,0,nan,nan,nan,nan,nan,nan,nan,nan,nan,nan
575,2442,2,126,19,,11,2021-05-26 14:35:56,2021-05-26 14:35:56,nan,nan,nan,0,nan,nan,nan,nan,nan,nan,nan
576,2443,2,126,20,,13,2021-05-26 14:35:56,2021-05-26 14:35:56,nan,nan,nan,nan,0,nan,nan,nan,nan,nan,nan
577,2444,2,126,21,,15,2021-05-26 14:35:56,2021-05-26 14:35:56,nan,nan,nan,nan,nan,0,nan,nan,nan,nan,nan
578,2445,2,126,22,,17,2021-05-26 14:35:56,2021-05-26 14:35:56,nan,nan,nan,nan,nan,nan,0,nan,nan,nan,nan
579,2446,2,126,23,,19,2021-05-26 14:35:56,2021-05-26 14:35:56,nan,nan,nan,nan,nan,nan,nan,0,nan,nan,nan
580,2447,2,126,24,,21,2021-05-26 14:35:56,2021-05-26 14:35:56,nan,nan,nan,nan,nan,nan,nan,nan,0,nan,nan
581,2448,2,126,25,,23,2021-05-26 14:35:56,2021-05-26 14:35:56,nan,nan,nan,nan,nan,nan,nan,nan,nan,0,nan
582,2449,2,126,16,,5,2021-05-26 14:35:56,2021-05-26 14:35:56,0,nan,nan,nan,nan,nan,nan,nan,nan,nan,nan
583,2450,2,126,16,,5,2021-05-26 14:40:34,2021-05-26 14:40:34,0,nan,nan,nan,nan,nan,nan,nan,nan,nan,nan
584,2451,2,126,17,,7,2021-05-26 14:40:34,2021-05-26 14:40:34,nan,0,nan,nan,nan,nan,nan,nan,nan,nan,nan
585,2452,2,126,18,,9,2021-05-26 14:40:34,2021-05-26 14:40:34,nan,nan,0,nan,nan,nan,nan,nan,nan,nan,nan
586,2453,2,126,19,,11,2021-05-26 14:40:34,2021-05-26 14:40:34,nan,nan,nan,0,nan,nan,nan,nan,nan,nan,nan
587,2454,2,126,20,,13,2021-05-26 14:40:34,2021-05-26 14:40:34,nan,nan,nan,nan,0,nan,nan,nan,nan,nan,nan
588,2455,2,126,21,,15,2021-05-26 14:40:34,2021-05-26 14:40:34,nan,nan,nan,nan,nan,0,nan,nan,nan,nan,nan
589,2456,2,126,22,,17,2021-05-26 14:40:34,2021-05-26 14:40:34,nan,nan,nan,nan,nan,nan,0,nan,nan,nan,nan
590,2457,2,126,23,,19,2021-05-26 14:40:34,2021-05-26 14:40:34,nan,nan,nan,nan,nan,nan,nan,0,nan,nan,nan
591,2458,2,126,24,,21,2021-05-26 14:40:34,2021-05-26 14:40:34,nan,nan,nan,nan,nan,nan,nan,nan,0,nan,nan
592,2459,2,126,25,,23,2021-05-26 14:40:34,2021-05-26 14:40:34,nan,nan,nan,nan,nan,nan,nan,nan,nan,0,nan
593,2460,2,126,16,,5,2021-05-26 14:40:34,2021-05-26 14:40:34,0,nan,nan,nan,nan,nan,nan,nan,nan,nan,nan
594,2509,2,126,16,,5,2021-05-28 15:29:05,2021-05-28 15:29:05,0,nan,nan,nan,nan,nan,nan,nan,nan,nan,nan
595,2510,2,126,17,,7,2021-05-28 15:29:05,2021-05-28 15:29:05,nan,0,nan,nan,nan,nan,nan,nan,nan,nan,nan
596,2511,2,126,18,,9,2021-05-28 15:29:05,2021-05-28 15:29:05,nan,nan,0,nan,nan,nan,nan,nan,nan,nan,nan
597,2512,2,126,19,,11,2021-05-28 15:29:05,2021-05-28 15:29:05,nan,nan,nan,0,nan,nan,nan,nan,nan,nan,nan
598,2513,2,126,20,,13,2021-05-28 15:29:05,2021-05-28 15:29:05,nan,nan,nan,nan,0,nan,nan,nan,nan,nan,nan
599,2514,2,126,21,,15,2021-05-28 15:29:05,2021-05-28 15:29:05,nan,nan,nan,nan,nan,0,nan,nan,nan,nan,nan
600,2515,2,126,22,,17,2021-05-28 15:29:05,2021-05-28 15:29:05,nan,nan,nan,nan,nan,nan,0,nan,nan,nan,nan
601,2516,2,126,23,,19,2021-05-28 15:29:05,2021-05-28 15:29:05,nan,nan,nan,nan,nan,nan,nan,0,nan,nan,nan
602,2517,2,126,24,,21,2021-05-28 15:29:05,2021-05-28 15:29:05,nan,nan,nan,nan,nan,nan,nan,nan,0,nan,nan
603,2518,2,126,25,,23,2021-05-28 15:29:05,2021-05-28 15:29:05,nan,nan,nan,nan,nan,nan,nan,nan,nan,0,nan
604,2519,2,126,16,,5,2021-05-28 15:29:05,2021-05-28 15:29:05,0,nan,nan,nan,nan,nan,nan,nan,nan,nan,nan
605,2520,2,126,16,,5,2021-05-28 15:32:30,2021-05-28 15:32:30,0,nan,nan,nan,nan,nan,nan,nan,nan,nan,nan
606,2521,2,126,17,,7,2021-05-28 15:32:30,2021-05-28 15:32:30,nan,0,nan,nan,nan,nan,nan,nan,nan,nan,nan
607,2522,2,126,18,,9,2021-05-28 15:32:30,2021-05-28 15:32:30,nan,nan,0,nan,nan,nan,nan,nan,nan,nan,nan
608,2523,2,126,19,,11,2021-05-28 15:32:30,2021-05-28 15:32:30,nan,nan,nan,0,nan,nan,nan,nan,nan,nan,nan
609,2524,2,126,20,,13,2021-05-28 15:32:30,2021-05-28 15:32:30,nan,nan,nan,nan,0,nan,nan,nan,nan,nan,nan
610,2525,2,126,21,,15,2021-05-28 15:32:30,2021-05-28 15:32:30,nan,nan,nan,nan,nan,0,nan,nan,nan,nan,nan
611,2526,2,126,22,,17,2021-05-28 15:32:30,2021-05-28 15:32:30,nan,nan,nan,nan,nan,nan,0,nan,nan,nan,nan
612,2527,2,126,23,,19,2021-05-28 15:32:30,2021-05-28 15:32:30,nan,nan,nan,nan,nan,nan,nan,0,nan,nan,nan
613,2528,2,126,24,,21,2021-05-28 15:32:30,2021-05-28 15:32:30,nan,nan,nan,nan,nan,nan,nan,nan,0,nan,nan
614,2529,2,126,25,,23,2021-05-28 15:32:30,2021-05-28 15:32:30,nan,nan,nan,nan,nan,nan,nan,nan,nan,0,nan
615,2530,2,126,16,,5,2021-05-28 15:32:30,2021-05-28 15:32:30,0,nan,nan,nan,nan,nan,nan,nan,nan,nan,nan
616,2531,2,126,16,,5,2021-05-28 16:03:27,2021-05-28 16:03:27,0,nan,nan,nan,nan,nan,nan,nan,nan,nan,nan
617,2532,2,126,17,,7,2021-05-28 16:03:27,2021-05-28 16:03:27,nan,0,nan,nan,nan,nan,nan,nan,nan,nan,nan
618,2533,2,126,18,,9,2021-05-28 16:03:27,2021-05-28 16:03:27,nan,nan,0,nan,nan,nan,nan,nan,nan,nan,nan
619,2534,2,126,19,,11,2021-05-28 16:03:27,2021-05-28 16:03:27,nan,nan,nan,0,nan,nan,nan,nan,nan,nan,nan
620,2535,2,126,20,,13,2021-05-28 16:03:27,2021-05-28 16:03:27,nan,nan,nan,nan,0,nan,nan,nan,nan,nan,nan
621,2536,2,126,21,,15,2021-05-28 16:03:27,2021-05-28 16:03:27,nan,nan,nan,nan,nan,0,nan,nan,nan,nan,nan
622,2537,2,126,22,,17,2021-05-28 16:03:27,2021-05-28 16:03:27,nan,nan,nan,nan,nan,nan,0,nan,nan,nan,nan
623,2538,2,126,23,,19,2021-05-28 16:03:27,2021-05-28 16:03:27,nan,nan,nan,nan,nan,nan,nan,0,nan,nan,nan
624,2539,2,126,24,,21,2021-05-28 16:03:27,2021-05-28 16:03:27,nan,nan,nan,nan,nan,nan,nan,nan,0,nan,nan
625,2540,2,126,25,,23,2021-05-28 16:03:27,2021-05-28 16:03:27,nan,nan,nan,nan,nan,nan,nan,nan,nan,0,nan
626,2541,2,126,16,,5,2021-05-28 16:03:27,2021-05-28 16:03:27,0,nan,nan,nan,nan,nan,nan,nan,nan,nan,nan
627,2586,2,126,16,,5,2021-05-31 14:08:28,2021-05-31 14:08:28,0,nan,nan,nan,nan,nan,nan,nan,nan,nan,nan
628,2587,2,126,17,,7,2021-05-31 14:08:28,2021-05-31 14:08:28,nan,0,nan,nan,nan,nan,nan,nan,nan,nan,nan
629,2588,2,126,18,,9,2021-05-31 14:08:28,2021-05-31 14:08:28,nan,nan,0,nan,nan,nan,nan,nan,nan,nan,nan
630,2589,2,126,19,,11,2021-05-31 14:08:28,2021-05-31 14:08:28,nan,nan,nan,0,nan,nan,nan,nan,nan,nan,nan
631,2590,2,126,20,,13,2021-05-31 14:08:28,2021-05-31 14:08:28,nan,nan,nan,nan,0,nan,nan,nan,nan,nan,nan
632,2591,2,126,21,,15,2021-05-31 14:08:28,2021-05-31 14:08:28,nan,nan,nan,nan,nan,0,nan,nan,nan,nan,nan
633,2592,2,126,22,,17,2021-05-31 14:08:28,2021-05-31 14:08:28,nan,nan,nan,nan,nan,nan,0,nan,nan,nan,nan
634,2593,2,126,23,,19,2021-05-31 14:08:28,2021-05-31 14:08:28,nan,nan,nan,nan,nan,nan,nan,0,nan,nan,nan
635,2594,2,126,24,,21,2021-05-31 14:08:28,2021-05-31 14:08:28,nan,nan,nan,nan,nan,nan,nan,nan,0,nan,nan
636,2595,2,126,25,,23,2021-05-31 14:08:28,2021-05-31 14:08:28,nan,nan,nan,nan,nan,nan,nan,nan,nan,0,nan
637,2596,2,126,16,,5,2021-05-31 14:08:28,2021-05-31 14:08:28,0,nan,nan,nan,nan,nan,nan,nan,nan,nan,nan
638,2701,2,126,16,,5,2021-06-02 14:58:30,2021-06-02 14:58:30,0,nan,nan,nan,nan,nan,nan,nan,nan,nan,nan
639,2702,2,126,17,,7,2021-06-02 14:58:30,2021-06-02 14:58:30,nan,0,nan,nan,nan,nan,nan,nan,nan,nan,nan
640,2703,2,126,18,,9,2021-06-02 14:58:30,2021-06-02 14:58:30,nan,nan,0,nan,nan,nan,nan,nan,nan,nan,nan
641,2704,2,126,19,,11,2021-06-02 14:58:30,2021-06-02 14:58:30,nan,nan,nan,0,nan,nan,nan,nan,nan,nan,nan
642,2705,2,126,20,,13,2021-06-02 14:58:30,2021-06-02 14:58:30,nan,nan,nan,nan,0,nan,nan,nan,nan,nan,nan
643,2706,2,126,21,,15,2021-06-02 14:58:30,2021-06-02 14:58:30,nan,nan,nan,nan,nan,0,nan,nan,nan,nan,nan
644,2707,2,126,22,,17,2021-06-02 14:58:30,2021-06-02 14:58:30,nan,nan,nan,nan,nan,nan,0,nan,nan,nan,nan
645,2708,2,126,23,,19,2021-06-02 14:58:30,2021-06-02 14:58:30,nan,nan,nan,nan,nan,nan,nan,0,nan,nan,nan
646,2709,2,126,24,,21,2021-06-02 14:58:30,2021-06-02 14:58:30,nan,nan,nan,nan,nan,nan,nan,nan,0,nan,nan
647,2710,2,126,25,,23,2021-06-02 14:58:30,2021-06-02 14:58:30,nan,nan,nan,nan,nan,nan,nan,nan,nan,0,nan
648,2711,2,126,16,,5,2021-06-02 14:58:30,2021-06-02 14:58:30,0,nan,nan,nan,nan,nan,nan,nan,nan,nan,nan
649,2842,2,126,16,,5,2021-06-04 13:47:36,2021-06-04 13:47:36,0,nan,nan,nan,nan,nan,nan,nan,nan,nan,nan
650,2843,2,126,17,,7,2021-06-04 13:47:36,2021-06-04 13:47:36,nan,0,nan,nan,nan,nan,nan,nan,nan,nan,nan
651,2844,2,126,18,,9,2021-06-04 13:47:36,2021-06-04 13:47:36,nan,nan,0,nan,nan,nan,nan,nan,nan,nan,nan
652,2845,2,126,19,,11,2021-06-04 13:47:36,2021-06-04 13:47:36,nan,nan,nan,0,nan,nan,nan,nan,nan,nan,nan
653,2846,2,126,20,,13,2021-06-04 13:47:36,2021-06-04 13:47:36,nan,nan,nan,nan,0,nan,nan,nan,nan,nan,nan
654,2847,2,126,21,,15,2021-06-04 13:47:36,2021-06-04 13:47:36,nan,nan,nan,nan,nan,0,nan,nan,nan,nan,nan
655,2848,2,126,22,,17,2021-06-04 13:47:36,2021-06-04 13:47:36,nan,nan,nan,nan,nan,nan,0,nan,nan,nan,nan
656,2849,2,126,23,,19,2021-06-04 13:47:36,2021-06-04 13:47:36,nan,nan,nan,nan,nan,nan,nan,0,nan,nan,nan
657,2850,2,126,24,,21,2021-06-04 13:47:36,2021-06-04 13:47:36,nan,nan,nan,nan,nan,nan,nan,nan,0,nan,nan
658,2851,2,126,25,,23,2021-06-04 13:47:36,2021-06-04 13:47:36,nan,nan,nan,nan,nan,nan,nan,nan,nan,0,nan
659,2852,2,126,16,,5,2021-06-04 13:47:36,2021-06-04 13:47:36,0,nan,nan,nan,nan,nan,nan,nan,nan,nan,nan
660,2195,2,128,26,,25,2021-05-21 13:13:20,2021-05-21 13:13:20,nan,nan,nan,nan,nan,nan,nan,nan,nan,nan,0
661,2194,2,128,25,,23,2021-05-21 13:13:20,2021-05-21 13:13:20,nan,nan,nan,nan,nan,nan,nan,nan,nan,0,nan
662,2193,2,128,24,,21,2021-05-21 13:13:20,2021-05-21 13:13:20,nan,nan,nan,nan,nan,nan,nan,nan,0,nan,nan
663,2192,2,128,23,,19,2021-05-21 13:13:20,2021-05-21 13:13:20,nan,nan,nan,nan,nan,nan,nan,0,nan,nan,nan
664,2191,2,128,22,,27,2021-05-21 13:13:20,2021-05-21 13:13:20,nan,nan,nan,nan,nan,nan,1,nan,nan,nan,nan
665,2190,2,128,21,,15,2021-05-21 13:13:20,2021-05-21 13:13:20,nan,nan,nan,nan,nan,0,nan,nan,nan,nan,nan
666,2189,2,128,20,,27,2021-05-21 13:13:20,2021-05-21 13:13:20,nan,nan,nan,nan,1,nan,nan,nan,nan,nan,nan
667,2188,2,128,19,,11,2021-05-21 13:13:20,2021-05-21 13:13:20,nan,nan,nan,0,nan,nan,nan,nan,nan,nan,nan
668,2187,2,128,18,,9,2021-05-21 13:13:20,2021-05-21 13:13:20,nan,nan,0,nan,nan,nan,nan,nan,nan,nan,nan
669,2186,2,128,17,,27,2021-05-21 13:13:20,2021-05-21 13:13:20,nan,1,nan,nan,nan,nan,nan,nan,nan,nan,nan
670,2185,2,128,16,,5,2021-05-21 13:13:20,2021-05-21 13:13:20,0,nan,nan,nan,nan,nan,nan,nan,nan,nan,nan
671,2552,2,128,26,,25,2021-05-28 19:58:52,2021-05-28 19:58:52,nan,nan,nan,nan,nan,nan,nan,nan,nan,nan,0
672,2551,2,128,25,,23,2021-05-28 19:58:52,2021-05-28 19:58:52,nan,nan,nan,nan,nan,nan,nan,nan,nan,0,nan
673,2550,2,128,24,,21,2021-05-28 19:58:52,2021-05-28 19:58:52,nan,nan,nan,nan,nan,nan,nan,nan,0,nan,nan
674,2549,2,128,23,,19,2021-05-28 19:58:52,2021-05-28 19:58:52,nan,nan,nan,nan,nan,nan,nan,0,nan,nan,nan
675,2548,2,128,22,,17,2021-05-28 19:58:52,2021-05-28 19:58:52,nan,nan,nan,nan,nan,nan,0,nan,nan,nan,nan
676,2547,2,128,21,,15,2021-05-28 19:58:52,2021-05-28 19:58:52,nan,nan,nan,nan,nan,0,nan,nan,nan,nan,nan
677,2546,2,128,20,,27,2021-05-28 19:58:52,2021-05-28 19:58:52,nan,nan,nan,nan,1,nan,nan,nan,nan,nan,nan
678,2545,2,128,19,,11,2021-05-28 19:58:52,2021-05-28 19:58:52,nan,nan,nan,0,nan,nan,nan,nan,nan,nan,nan
679,2544,2,128,18,,9,2021-05-28 19:58:52,2021-05-28 19:58:52,nan,nan,0,nan,nan,nan,nan,nan,nan,nan,nan
680,2543,2,128,17,,7,2021-05-28 19:58:52,2021-05-28 19:58:52,nan,0,nan,nan,nan,nan,nan,nan,nan,nan,nan
681,2542,2,128,16,,5,2021-05-28 19:58:52,2021-05-28 19:58:52,0,nan,nan,nan,nan,nan,nan,nan,nan,nan,nan
682,2416,2,128,26,2 vacuna me sentÃ³ mal,25,2021-05-26 08:41:58,2021-05-26 08:41:58,nan,nan,nan,nan,nan,nan,nan,nan,nan,nan,0
683,2415,2,128,25,,23,2021-05-26 08:41:58,2021-05-26 08:41:58,nan,nan,nan,nan,nan,nan,nan,nan,nan,0,nan
684,2414,2,128,24,,27,2021-05-26 08:41:58,2021-05-26 08:41:58,nan,nan,nan,nan,nan,nan,nan,nan,1,nan,nan
685,2413,2,128,23,,19,2021-05-26 08:41:58,2021-05-26 08:41:58,nan,nan,nan,nan,nan,nan,nan,0,nan,nan,nan
686,2412,2,128,22,,17,2021-05-26 08:41:58,2021-05-26 08:41:58,nan,nan,nan,nan,nan,nan,0,nan,nan,nan,nan
687,2411,2,128,21,,15,2021-05-26 08:41:58,2021-05-26 08:41:58,nan,nan,nan,nan,nan,0,nan,nan,nan,nan,nan
688,2410,2,128,20,,27,2021-05-26 08:41:58,2021-05-26 08:41:58,nan,nan,nan,nan,1,nan,nan,nan,nan,nan,nan
689,2409,2,128,19,,11,2021-05-26 08:41:58,2021-05-26 08:41:58,nan,nan,nan,0,nan,nan,nan,nan,nan,nan,nan
690,2408,2,128,18,,27,2021-05-26 08:41:58,2021-05-26 08:41:58,nan,nan,1,nan,nan,nan,nan,nan,nan,nan,nan
691,2407,2,128,17,,27,2021-05-26 08:41:58,2021-05-26 08:41:58,nan,1,nan,nan,nan,nan,nan,nan,nan,nan,nan
692,2406,2,128,16,,27,2021-05-26 08:41:58,2021-05-26 08:41:58,1,nan,nan,nan,nan,nan,nan,nan,nan,nan,nan
693,2059,2,128,16,,5,2021-05-17 07:07:29,2021-05-17 07:07:29,0,nan,nan,nan,nan,nan,nan,nan,nan,nan,nan
694,2060,2,128,17,,27,2021-05-17 07:07:29,2021-05-17 07:07:29,nan,1,nan,nan,nan,nan,nan,nan,nan,nan,nan
695,2061,2,128,18,,9,2021-05-17 07:07:29,2021-05-17 07:07:29,nan,nan,0,nan,nan,nan,nan,nan,nan,nan,nan
696,2062,2,128,19,,11,2021-05-17 07:07:29,2021-05-17 07:07:29,nan,nan,nan,0,nan,nan,nan,nan,nan,nan,nan
697,2063,2,128,20,,13,2021-05-17 07:07:29,2021-05-17 07:07:29,nan,nan,nan,nan,0,nan,nan,nan,nan,nan,nan
698,2064,2,128,21,,15,2021-05-17 07:07:29,2021-05-17 07:07:29,nan,nan,nan,nan,nan,0,nan,nan,nan,nan,nan
699,2065,2,128,22,,17,2021-05-17 07:07:29,2021-05-17 07:07:29,nan,nan,nan,nan,nan,nan,0,nan,nan,nan,nan
700,2066,2,128,23,,19,2021-05-17 07:07:29,2021-05-17 07:07:29,nan,nan,nan,nan,nan,nan,nan,0,nan,nan,nan
701,2067,2,128,24,,27,2021-05-17 07:07:29,2021-05-17 07:07:29,nan,nan,nan,nan,nan,nan,nan,nan,1,nan,nan
702,2068,2,128,25,,23,2021-05-17 07:07:29,2021-05-17 07:07:29,nan,nan,nan,nan,nan,nan,nan,nan,nan,0,nan
703,2069,2,128,26,,25,2021-05-17 07:07:29,2021-05-17 07:07:29,nan,nan,nan,nan,nan,nan,nan,nan,nan,nan,0
704,2119,2,128,16,,5,2021-05-19 11:23:25,2021-05-19 11:23:25,0,nan,nan,nan,nan,nan,nan,nan,nan,nan,nan
705,2120,2,128,17,,27,2021-05-19 11:23:25,2021-05-19 11:23:25,nan,1,nan,nan,nan,nan,nan,nan,nan,nan,nan
706,2121,2,128,18,,9,2021-05-19 11:23:25,2021-05-19 11:23:25,nan,nan,0,nan,nan,nan,nan,nan,nan,nan,nan
707,2122,2,128,19,,11,2021-05-19 11:23:25,2021-05-19 11:23:25,nan,nan,nan,0,nan,nan,nan,nan,nan,nan,nan
708,2123,2,128,20,,27,2021-05-19 11:23:25,2021-05-19 11:23:25,nan,nan,nan,nan,1,nan,nan,nan,nan,nan,nan
709,2124,2,128,21,,15,2021-05-19 11:23:25,2021-05-19 11:23:25,nan,nan,nan,nan,nan,0,nan,nan,nan,nan,nan
710,2125,2,128,22,,27,2021-05-19 11:23:25,2021-05-19 11:23:25,nan,nan,nan,nan,nan,nan,1,nan,nan,nan,nan
711,2126,2,128,23,,19,2021-05-19 11:23:25,2021-05-19 11:23:25,nan,nan,nan,nan,nan,nan,nan,0,nan,nan,nan
712,2127,2,128,24,,21,2021-05-19 11:23:25,2021-05-19 11:23:25,nan,nan,nan,nan,nan,nan,nan,nan,0,nan,nan
713,2128,2,128,25,,23,2021-05-19 11:23:25,2021-05-19 11:23:25,nan,nan,nan,nan,nan,nan,nan,nan,nan,0,nan
714,2129,2,128,26,,25,2021-05-19 11:23:25,2021-05-19 11:23:25,nan,nan,nan,nan,nan,nan,nan,nan,nan,nan,0
715,2663,2,128,16,,5,2021-05-31 20:17:31,2021-05-31 20:17:31,0,nan,nan,nan,nan,nan,nan,nan,nan,nan,nan
716,2664,2,128,17,,27,2021-05-31 20:17:31,2021-05-31 20:17:31,nan,1,nan,nan,nan,nan,nan,nan,nan,nan,nan
717,2665,2,128,18,,27,2021-05-31 20:17:31,2021-05-31 20:17:31,nan,nan,1,nan,nan,nan,nan,nan,nan,nan,nan
718,2666,2,128,19,,11,2021-05-31 20:17:31,2021-05-31 20:17:31,nan,nan,nan,0,nan,nan,nan,nan,nan,nan,nan
719,2667,2,128,20,,27,2021-05-31 20:17:31,2021-05-31 20:17:31,nan,nan,nan,nan,1,nan,nan,nan,nan,nan,nan
720,2668,2,128,21,,15,2021-05-31 20:17:31,2021-05-31 20:17:31,nan,nan,nan,nan,nan,0,nan,nan,nan,nan,nan
721,2669,2,128,22,,17,2021-05-31 20:17:31,2021-05-31 20:17:31,nan,nan,nan,nan,nan,nan,0,nan,nan,nan,nan
722,2670,2,128,23,,19,2021-05-31 20:17:31,2021-05-31 20:17:31,nan,nan,nan,nan,nan,nan,nan,0,nan,nan,nan
723,2671,2,128,24,,27,2021-05-31 20:17:31,2021-05-31 20:17:31,nan,nan,nan,nan,nan,nan,nan,nan,1,nan,nan
724,2672,2,128,25,,23,2021-05-31 20:17:31,2021-05-31 20:17:31,nan,nan,nan,nan,nan,nan,nan,nan,nan,0,nan
725,2673,2,128,26,,25,2021-05-31 20:17:31,2021-05-31 20:17:31,nan,nan,nan,nan,nan,nan,nan,nan,nan,nan,0
726,2364,2,128,26,,25,2021-05-24 09:50:57,2021-05-24 09:50:57,nan,nan,nan,nan,nan,nan,nan,nan,nan,nan,0
727,2363,2,128,25,,23,2021-05-24 09:50:57,2021-05-24 09:50:57,nan,nan,nan,nan,nan,nan,nan,nan,nan,0,nan
728,2362,2,128,24,,21,2021-05-24 09:50:57,2021-05-24 09:50:57,nan,nan,nan,nan,nan,nan,nan,nan,0,nan,nan
729,2361,2,128,23,,27,2021-05-24 09:50:57,2021-05-24 09:50:57,nan,nan,nan,nan,nan,nan,nan,1,nan,nan,nan
730,2360,2,128,22,,17,2021-05-24 09:50:57,2021-05-24 09:50:57,nan,nan,nan,nan,nan,nan,0,nan,nan,nan,nan
731,2359,2,128,21,,15,2021-05-24 09:50:57,2021-05-24 09:50:57,nan,nan,nan,nan,nan,0,nan,nan,nan,nan,nan
732,2358,2,128,20,,27,2021-05-24 09:50:57,2021-05-24 09:50:57,nan,nan,nan,nan,1,nan,nan,nan,nan,nan,nan
733,2357,2,128,19,,11,2021-05-24 09:50:57,2021-05-24 09:50:57,nan,nan,nan,0,nan,nan,nan,nan,nan,nan,nan
734,2356,2,128,18,,9,2021-05-24 09:50:57,2021-05-24 09:50:57,nan,nan,0,nan,nan,nan,nan,nan,nan,nan,nan
735,2355,2,128,17,,27,2021-05-24 09:50:57,2021-05-24 09:50:57,nan,1,nan,nan,nan,nan,nan,nan,nan,nan,nan
736,2354,2,128,16,,5,2021-05-24 09:50:57,2021-05-24 09:50:57,0,nan,nan,nan,nan,nan,nan,nan,nan,nan,nan
737,2819,2,128,26,,25,2021-06-04 07:44:33,2021-06-04 07:44:33,nan,nan,nan,nan,nan,nan,nan,nan,nan,nan,0
738,2818,2,128,25,,23,2021-06-04 07:44:33,2021-06-04 07:44:33,nan,nan,nan,nan,nan,nan,nan,nan,nan,0,nan
739,2817,2,128,24,,21,2021-06-04 07:44:33,2021-06-04 07:44:33,nan,nan,nan,nan,nan,nan,nan,nan,0,nan,nan
740,2816,2,128,23,,19,2021-06-04 07:44:33,2021-06-04 07:44:33,nan,nan,nan,nan,nan,nan,nan,0,nan,nan,nan
741,2815,2,128,22,,17,2021-06-04 07:44:33,2021-06-04 07:44:33,nan,nan,nan,nan,nan,nan,0,nan,nan,nan,nan
742,2814,2,128,21,,15,2021-06-04 07:44:33,2021-06-04 07:44:33,nan,nan,nan,nan,nan,0,nan,nan,nan,nan,nan
743,2813,2,128,20,,13,2021-06-04 07:44:33,2021-06-04 07:44:33,nan,nan,nan,nan,0,nan,nan,nan,nan,nan,nan
744,2812,2,128,19,,11,2021-06-04 07:44:33,2021-06-04 07:44:33,nan,nan,nan,0,nan,nan,nan,nan,nan,nan,nan
745,2811,2,128,18,,27,2021-06-04 07:44:33,2021-06-04 07:44:33,nan,nan,1,nan,nan,nan,nan,nan,nan,nan,nan
746,2810,2,128,17,,7,2021-06-04 07:44:33,2021-06-04 07:44:33,nan,0,nan,nan,nan,nan,nan,nan,nan,nan,nan
747,2809,2,128,16,,5,2021-06-04 07:44:33,2021-06-04 07:44:33,0,nan,nan,nan,nan,nan,nan,nan,nan,nan,nan
748,1977,2,128,26,,25,2021-05-14 13:38:54,2021-05-14 13:38:54,nan,nan,nan,nan,nan,nan,nan,nan,nan,nan,0
749,1976,2,128,25,,23,2021-05-14 13:38:54,2021-05-14 13:38:54,nan,nan,nan,nan,nan,nan,nan,nan,nan,0,nan
750,1975,2,128,24,,27,2021-05-14 13:38:54,2021-05-14 13:38:54,nan,nan,nan,nan,nan,nan,nan,nan,1,nan,nan
751,1974,2,128,23,,19,2021-05-14 13:38:54,2021-05-14 13:38:54,nan,nan,nan,nan,nan,nan,nan,0,nan,nan,nan
752,1973,2,128,22,,17,2021-05-14 13:38:54,2021-05-14 13:38:54,nan,nan,nan,nan,nan,nan,0,nan,nan,nan,nan
753,1972,2,128,21,,15,2021-05-14 13:38:54,2021-05-14 13:38:54,nan,nan,nan,nan,nan,0,nan,nan,nan,nan,nan
754,1971,2,128,20,,27,2021-05-14 13:38:54,2021-05-14 13:38:54,nan,nan,nan,nan,1,nan,nan,nan,nan,nan,nan
755,1970,2,128,19,,11,2021-05-14 13:38:54,2021-05-14 13:38:54,nan,nan,nan,0,nan,nan,nan,nan,nan,nan,nan
756,1969,2,128,18,,9,2021-05-14 13:38:54,2021-05-14 13:38:54,nan,nan,0,nan,nan,nan,nan,nan,nan,nan,nan
757,1968,2,128,17,,27,2021-05-14 13:38:54,2021-05-14 13:38:54,nan,1,nan,nan,nan,nan,nan,nan,nan,nan,nan
758,1967,2,128,16,,5,2021-05-14 13:38:54,2021-05-14 13:38:54,0,nan,nan,nan,nan,nan,nan,nan,nan,nan,nan
759,2717,2,128,16,,5,2021-06-02 20:07:32,2021-06-02 20:07:32,0,nan,nan,nan,nan,nan,nan,nan,nan,nan,nan
760,2718,2,128,17,,28,2021-06-02 20:07:32,2021-06-02 20:07:32,nan,2,nan,nan,nan,nan,nan,nan,nan,nan,nan
761,2719,2,128,18,,28,2021-06-02 20:07:32,2021-06-02 20:07:32,nan,nan,2,nan,nan,nan,nan,nan,nan,nan,nan
762,2720,2,128,19,,11,2021-06-02 20:07:32,2021-06-02 20:07:32,nan,nan,nan,0,nan,nan,nan,nan,nan,nan,nan
763,2721,2,128,20,,13,2021-06-02 20:07:32,2021-06-02 20:07:32,nan,nan,nan,nan,0,nan,nan,nan,nan,nan,nan
764,2722,2,128,21,,15,2021-06-02 20:07:32,2021-06-02 20:07:32,nan,nan,nan,nan,nan,0,nan,nan,nan,nan,nan
765,2723,2,128,22,,17,2021-06-02 20:07:32,2021-06-02 20:07:32,nan,nan,nan,nan,nan,nan,0,nan,nan,nan,nan
766,2724,2,128,23,,19,2021-06-02 20:07:32,2021-06-02 20:07:32,nan,nan,nan,nan,nan,nan,nan,0,nan,nan,nan
767,2725,2,128,24,,21,2021-06-02 20:07:32,2021-06-02 20:07:32,nan,nan,nan,nan,nan,nan,nan,nan,0,nan,nan
768,2726,2,128,25,,23,2021-06-02 20:07:32,2021-06-02 20:07:32,nan,nan,nan,nan,nan,nan,nan,nan,nan,0,nan
769,2727,2,128,26,,25,2021-06-02 20:07:32,2021-06-02 20:07:32,nan,nan,nan,nan,nan,nan,nan,nan,nan,nan,0
770,2918,2,173,20,,30,2021-06-07 08:06:45,2021-06-07 08:06:45,nan,nan,nan,nan,4,nan,nan,nan,nan,nan,nan
771,2554,2,173,17,,32,2021-05-31 07:34:02,2021-05-31 07:34:02,nan,6,nan,nan,nan,nan,nan,nan,nan,nan,nan
772,2555,2,173,18,,32,2021-05-31 07:34:02,2021-05-31 07:34:02,nan,nan,6,nan,nan,nan,nan,nan,nan,nan,nan
773,2556,2,173,19,,11,2021-05-31 07:34:02,2021-05-31 07:34:02,nan,nan,nan,0,nan,nan,nan,nan,nan,nan,nan
774,2557,2,173,20,,32,2021-05-31 07:34:02,2021-05-31 07:34:02,nan,nan,nan,nan,6,nan,nan,nan,nan,nan,nan
775,2558,2,173,21,,15,2021-05-31 07:34:02,2021-05-31 07:34:02,nan,nan,nan,nan,nan,0,nan,nan,nan,nan,nan
776,2559,2,173,22,,31,2021-05-31 07:34:02,2021-05-31 07:34:02,nan,nan,nan,nan,nan,nan,5,nan,nan,nan,nan
777,2560,2,173,23,,31,2021-05-31 07:34:02,2021-05-31 07:34:02,nan,nan,nan,nan,nan,nan,nan,5,nan,nan,nan
778,2561,2,173,24,,31,2021-05-31 07:34:02,2021-05-31 07:34:02,nan,nan,nan,nan,nan,nan,nan,nan,5,nan,nan
779,2562,2,173,25,,32,2021-05-31 07:34:02,2021-05-31 07:34:02,nan,nan,nan,nan,nan,nan,nan,nan,nan,6,nan
780,2563,2,173,26,sequedad de boca,35,2021-05-31 07:34:02,2021-05-31 07:34:02,nan,nan,nan,nan,nan,nan,nan,nan,nan,nan,9
781,3013,2,173,16,,33,2021-06-18 07:34:40,2021-06-18 07:34:40,7,nan,nan,nan,nan,nan,nan,nan,nan,nan,nan
782,3014,2,173,17,,32,2021-06-18 07:34:40,2021-06-18 07:34:40,nan,6,nan,nan,nan,nan,nan,nan,nan,nan,nan
783,3015,2,173,18,,9,2021-06-18 07:34:40,2021-06-18 07:34:40,nan,nan,0,nan,nan,nan,nan,nan,nan,nan,nan
784,3016,2,173,19,,11,2021-06-18 07:34:40,2021-06-18 07:34:40,nan,nan,nan,0,nan,nan,nan,nan,nan,nan,nan
785,3017,2,173,20,,13,2021-06-18 07:34:40,2021-06-18 07:34:40,nan,nan,nan,nan,0,nan,nan,nan,nan,nan,nan
786,3018,2,173,21,,15,2021-06-18 07:34:40,2021-06-18 07:34:40,nan,nan,nan,nan,nan,0,nan,nan,nan,nan,nan
787,3019,2,173,22,,34,2021-06-18 07:34:40,2021-06-18 07:34:40,nan,nan,nan,nan,nan,nan,8,nan,nan,nan,nan
788,3020,2,173,23,,30,2021-06-18 07:34:40,2021-06-18 07:34:40,nan,nan,nan,nan,nan,nan,nan,4,nan,nan,nan
789,3021,2,173,24,,32,2021-06-18 07:34:40,2021-06-18 07:34:40,nan,nan,nan,nan,nan,nan,nan,nan,6,nan,nan
790,3022,2,173,25,,33,2021-06-18 07:34:40,2021-06-18 07:34:40,nan,nan,nan,nan,nan,nan,nan,nan,nan,7,nan
791,3023,2,173,26,sequedad de boca,33,2021-06-18 07:34:40,2021-06-18 07:34:40,nan,nan,nan,nan,nan,nan,nan,nan,nan,nan,7
792,2487,2,173,16,,32,2021-05-28 09:23:54,2021-05-28 09:23:54,6,nan,nan,nan,nan,nan,nan,nan,nan,nan,nan
793,2488,2,173,17,,32,2021-05-28 09:23:54,2021-05-28 09:23:54,nan,6,nan,nan,nan,nan,nan,nan,nan,nan,nan
794,2489,2,173,18,,31,2021-05-28 09:23:54,2021-05-28 09:23:54,nan,nan,5,nan,nan,nan,nan,nan,nan,nan,nan
795,2490,2,173,19,,11,2021-05-28 09:23:54,2021-05-28 09:23:54,nan,nan,nan,0,nan,nan,nan,nan,nan,nan,nan
796,2491,2,173,20,,32,2021-05-28 09:23:54,2021-05-28 09:23:54,nan,nan,nan,nan,6,nan,nan,nan,nan,nan,nan
797,2492,2,173,21,,15,2021-05-28 09:23:54,2021-05-28 09:23:54,nan,nan,nan,nan,nan,0,nan,nan,nan,nan,nan
798,2493,2,173,22,,29,2021-05-28 09:23:54,2021-05-28 09:23:54,nan,nan,nan,nan,nan,nan,3,nan,nan,nan,nan
799,2494,2,173,23,,32,2021-05-28 09:23:54,2021-05-28 09:23:54,nan,nan,nan,nan,nan,nan,nan,6,nan,nan,nan
800,2495,2,173,24,,32,2021-05-28 09:23:54,2021-05-28 09:23:54,nan,nan,nan,nan,nan,nan,nan,nan,6,nan,nan
801,2496,2,173,25,,31,2021-05-28 09:23:54,2021-05-28 09:23:54,nan,nan,nan,nan,nan,nan,nan,nan,nan,5,nan
802,2497,2,173,26,sequedad de boca,30,2021-05-28 09:23:54,2021-05-28 09:23:54,nan,nan,nan,nan,nan,nan,nan,nan,nan,nan,4
803,2914,2,173,16,,33,2021-06-07 08:06:45,2021-06-07 08:06:45,7,nan,nan,nan,nan,nan,nan,nan,nan,nan,nan
804,2915,2,173,17,,32,2021-06-07 08:06:45,2021-06-07 08:06:45,nan,6,nan,nan,nan,nan,nan,nan,nan,nan,nan
805,2916,2,173,18,,30,2021-06-07 08:06:45,2021-06-07 08:06:45,nan,nan,4,nan,nan,nan,nan,nan,nan,nan,nan
806,2917,2,173,19,,11,2021-06-07 08:06:45,2021-06-07 08:06:45,nan,nan,nan,0,nan,nan,nan,nan,nan,nan,nan
807,2553,2,173,16,,32,2021-05-31 07:34:02,2021-05-31 07:34:02,6,nan,nan,nan,nan,nan,nan,nan,nan,nan,nan
808,2919,2,173,21,,15,2021-06-07 08:06:45,2021-06-07 08:06:45,nan,nan,nan,nan,nan,0,nan,nan,nan,nan,nan
809,2920,2,173,22,,33,2021-06-07 08:06:45,2021-06-07 08:06:45,nan,nan,nan,nan,nan,nan,7,nan,nan,nan,nan
810,2921,2,173,23,,19,2021-06-07 08:06:45,2021-06-07 08:06:45,nan,nan,nan,nan,nan,nan,nan,0,nan,nan,nan
811,2922,2,173,24,,31,2021-06-07 08:06:45,2021-06-07 08:06:45,nan,nan,nan,nan,nan,nan,nan,nan,5,nan,nan
812,2923,2,173,25,,32,2021-06-07 08:06:45,2021-06-07 08:06:45,nan,nan,nan,nan,nan,nan,nan,nan,nan,6,nan
813,2924,2,173,26,sequedad de boca,34,2021-06-07 08:06:45,2021-06-07 08:06:45,nan,nan,nan,nan,nan,nan,nan,nan,nan,nan,8
814,2428,2,174,16,,31,2021-05-26 09:28:30,2021-05-26 09:28:30,5,nan,nan,nan,nan,nan,nan,nan,nan,nan,nan
815,2429,2,174,17,,31,2021-05-26 09:28:30,2021-05-26 09:28:30,nan,5,nan,nan,nan,nan,nan,nan,nan,nan,nan
816,2430,2,174,18,,33,2021-05-26 09:28:30,2021-05-26 09:28:30,nan,nan,7,nan,nan,nan,nan,nan,nan,nan,nan
817,2431,2,174,19,,30,2021-05-26 09:28:30,2021-05-26 09:28:30,nan,nan,nan,4,nan,nan,nan,nan,nan,nan,nan
818,2432,2,174,20,,14,2021-05-26 09:28:30,2021-05-26 09:28:30,nan,nan,nan,nan,10,nan,nan,nan,nan,nan,nan
819,2433,2,174,21,,30,2021-05-26 09:28:30,2021-05-26 09:28:30,nan,nan,nan,nan,nan,4,nan,nan,nan,nan,nan
820,2434,2,174,22,,18,2021-05-26 09:28:30,2021-05-26 09:28:30,nan,nan,nan,nan,nan,nan,10,nan,nan,nan,nan
821,2435,2,174,23,,31,2021-05-26 09:28:30,2021-05-26 09:28:30,nan,nan,nan,nan,nan,nan,nan,5,nan,nan,nan
822,2436,2,174,24,,31,2021-05-26 09:28:30,2021-05-26 09:28:30,nan,nan,nan,nan,nan,nan,nan,nan,5,nan,nan
823,2437,2,174,25,,31,2021-05-26 09:28:30,2021-05-26 09:28:30,nan,nan,nan,nan,nan,nan,nan,nan,nan,5,nan
824,2438,2,174,26,,26,2021-05-26 09:28:30,2021-05-26 09:28:30,nan,nan,nan,nan,nan,nan,nan,nan,nan,nan,10
825,2946,2,174,26,dolor de rodillas y tobillos,25,2021-06-07 15:13:07,2021-06-07 15:13:07,nan,nan,nan,nan,nan,nan,nan,nan,nan,nan,0
826,2945,2,174,25,,34,2021-06-07 15:13:07,2021-06-07 15:13:07,nan,nan,nan,nan,nan,nan,nan,nan,nan,8,nan
827,2944,2,174,24,,33,2021-06-07 15:13:07,2021-06-07 15:13:07,nan,nan,nan,nan,nan,nan,nan,nan,7,nan,nan
828,2943,2,174,23,,35,2021-06-07 15:13:07,2021-06-07 15:13:07,nan,nan,nan,nan,nan,nan,nan,9,nan,nan,nan
829,2942,2,174,22,,35,2021-06-07 15:13:07,2021-06-07 15:13:07,nan,nan,nan,nan,nan,nan,9,nan,nan,nan,nan
830,2941,2,174,21,,30,2021-06-07 15:13:07,2021-06-07 15:13:07,nan,nan,nan,nan,nan,4,nan,nan,nan,nan,nan
831,2940,2,174,20,,30,2021-06-07 15:13:07,2021-06-07 15:13:07,nan,nan,nan,nan,4,nan,nan,nan,nan,nan,nan
832,2939,2,174,19,,11,2021-06-07 15:13:07,2021-06-07 15:13:07,nan,nan,nan,0,nan,nan,nan,nan,nan,nan,nan
833,2938,2,174,18,,35,2021-06-07 15:13:07,2021-06-07 15:13:07,nan,nan,9,nan,nan,nan,nan,nan,nan,nan,nan
834,2937,2,174,17,,8,2021-06-07 15:13:07,2021-06-07 15:13:07,nan,10,nan,nan,nan,nan,nan,nan,nan,nan,nan
835,2936,2,174,16,,30,2021-06-07 15:13:07,2021-06-07 15:13:07,4,nan,nan,nan,nan,nan,nan,nan,nan,nan,nan
836,2498,2,174,16,,29,2021-05-28 09:28:56,2021-05-28 09:28:56,3,nan,nan,nan,nan,nan,nan,nan,nan,nan,nan
837,2499,2,174,17,,33,2021-05-28 09:28:56,2021-05-28 09:28:56,nan,7,nan,nan,nan,nan,nan,nan,nan,nan,nan
838,2500,2,174,18,,31,2021-05-28 09:28:56,2021-05-28 09:28:56,nan,nan,5,nan,nan,nan,nan,nan,nan,nan,nan
839,2501,2,174,19,,29,2021-05-28 09:28:56,2021-05-28 09:28:56,nan,nan,nan,3,nan,nan,nan,nan,nan,nan,nan
840,2502,2,174,20,,34,2021-05-28 09:28:56,2021-05-28 09:28:56,nan,nan,nan,nan,8,nan,nan,nan,nan,nan,nan
841,2503,2,174,21,,31,2021-05-28 09:28:56,2021-05-28 09:28:56,nan,nan,nan,nan,nan,5,nan,nan,nan,nan,nan
842,2504,2,174,22,,18,2021-05-28 09:28:56,2021-05-28 09:28:56,nan,nan,nan,nan,nan,nan,10,nan,nan,nan,nan
843,2505,2,174,23,,31,2021-05-28 09:28:56,2021-05-28 09:28:56,nan,nan,nan,nan,nan,nan,nan,5,nan,nan,nan
844,2506,2,174,24,,32,2021-05-28 09:28:56,2021-05-28 09:28:56,nan,nan,nan,nan,nan,nan,nan,nan,6,nan,nan
845,2507,2,174,25,,33,2021-05-28 09:28:56,2021-05-28 09:28:56,nan,nan,nan,nan,nan,nan,nan,nan,nan,7,nan
846,2508,2,174,26,,32,2021-05-28 09:28:56,2021-05-28 09:28:56,nan,nan,nan,nan,nan,nan,nan,nan,nan,nan,6
847,2662,2,174,26,Sequedad y sabor a ierro,31,2021-05-31 17:31:48,2021-05-31 17:31:48,nan,nan,nan,nan,nan,nan,nan,nan,nan,nan,5
848,2661,2,174,25,,35,2021-05-31 17:31:48,2021-05-31 17:31:48,nan,nan,nan,nan,nan,nan,nan,nan,nan,9,nan
849,2660,2,174,24,,30,2021-05-31 17:31:48,2021-05-31 17:31:48,nan,nan,nan,nan,nan,nan,nan,nan,4,nan,nan
850,2659,2,174,23,,30,2021-05-31 17:31:48,2021-05-31 17:31:48,nan,nan,nan,nan,nan,nan,nan,4,nan,nan,nan
851,2658,2,174,22,,18,2021-05-31 17:31:48,2021-05-31 17:31:48,nan,nan,nan,nan,nan,nan,10,nan,nan,nan,nan
852,2657,2,174,21,,33,2021-05-31 17:31:48,2021-05-31 17:31:48,nan,nan,nan,nan,nan,7,nan,nan,nan,nan,nan
853,2656,2,174,20,,28,2021-05-31 17:31:48,2021-05-31 17:31:48,nan,nan,nan,nan,2,nan,nan,nan,nan,nan,nan
854,2655,2,174,19,,27,2021-05-31 17:31:48,2021-05-31 17:31:48,nan,nan,nan,1,nan,nan,nan,nan,nan,nan,nan
855,2654,2,174,18,,34,2021-05-31 17:31:48,2021-05-31 17:31:48,nan,nan,8,nan,nan,nan,nan,nan,nan,nan,nan
856,2653,2,174,17,,34,2021-05-31 17:31:48,2021-05-31 17:31:48,nan,8,nan,nan,nan,nan,nan,nan,nan,nan,nan
857,2652,2,174,16,,31,2021-05-31 17:31:48,2021-05-31 17:31:48,5,nan,nan,nan,nan,nan,nan,nan,nan,nan,nan
858,2338,2,174,16,,34,2021-05-24 09:22:09,2021-05-24 09:22:09,8,nan,nan,nan,nan,nan,nan,nan,nan,nan,nan
859,2339,2,174,17,,33,2021-05-24 09:22:09,2021-05-24 09:22:09,nan,7,nan,nan,nan,nan,nan,nan,nan,nan,nan
860,2340,2,174,18,,31,2021-05-24 09:22:09,2021-05-24 09:22:09,nan,nan,5,nan,nan,nan,nan,nan,nan,nan,nan
861,2341,2,174,19,,31,2021-05-24 09:22:09,2021-05-24 09:22:09,nan,nan,nan,5,nan,nan,nan,nan,nan,nan,nan
862,2342,2,174,20,,31,2021-05-24 09:22:09,2021-05-24 09:22:09,nan,nan,nan,nan,5,nan,nan,nan,nan,nan,nan
863,2343,2,174,21,,32,2021-05-24 09:22:09,2021-05-24 09:22:09,nan,nan,nan,nan,nan,6,nan,nan,nan,nan,nan
864,2344,2,174,22,,34,2021-05-24 09:22:09,2021-05-24 09:22:09,nan,nan,nan,nan,nan,nan,8,nan,nan,nan,nan
865,2345,2,174,23,,31,2021-05-24 09:22:09,2021-05-24 09:22:09,nan,nan,nan,nan,nan,nan,nan,5,nan,nan,nan
866,2346,2,174,24,,31,2021-05-24 09:22:09,2021-05-24 09:22:09,nan,nan,nan,nan,nan,nan,nan,nan,5,nan,nan
867,2347,2,174,25,,33,2021-05-24 09:22:09,2021-05-24 09:22:09,nan,nan,nan,nan,nan,nan,nan,nan,nan,7,nan
868,2348,2,174,26,,32,2021-05-24 09:22:09,2021-05-24 09:22:09,nan,nan,nan,nan,nan,nan,nan,nan,nan,nan,6
869,2184,2,174,26,,30,2021-05-21 08:42:24,2021-05-21 08:42:24,nan,nan,nan,nan,nan,nan,nan,nan,nan,nan,4
870,2183,2,174,25,,29,2021-05-21 08:42:24,2021-05-21 08:42:24,nan,nan,nan,nan,nan,nan,nan,nan,nan,3,nan
871,2182,2,174,24,,21,2021-05-21 08:42:24,2021-05-21 08:42:24,nan,nan,nan,nan,nan,nan,nan,nan,0,nan,nan
872,2181,2,174,23,,28,2021-05-21 08:42:24,2021-05-21 08:42:24,nan,nan,nan,nan,nan,nan,nan,2,nan,nan,nan
873,2180,2,174,22,,32,2021-05-21 08:42:24,2021-05-21 08:42:24,nan,nan,nan,nan,nan,nan,6,nan,nan,nan,nan
874,2179,2,174,21,,30,2021-05-21 08:42:24,2021-05-21 08:42:24,nan,nan,nan,nan,nan,4,nan,nan,nan,nan,nan
875,2178,2,174,20,,31,2021-05-21 08:42:24,2021-05-21 08:42:24,nan,nan,nan,nan,5,nan,nan,nan,nan,nan,nan
876,2177,2,174,19,,11,2021-05-21 08:42:24,2021-05-21 08:42:24,nan,nan,nan,0,nan,nan,nan,nan,nan,nan,nan
877,2176,2,174,18,,29,2021-05-21 08:42:24,2021-05-21 08:42:24,nan,nan,3,nan,nan,nan,nan,nan,nan,nan,nan
878,2175,2,174,17,,31,2021-05-21 08:42:24,2021-05-21 08:42:24,nan,5,nan,nan,nan,nan,nan,nan,nan,nan,nan
879,2174,2,174,16,,30,2021-05-21 08:42:24,2021-05-21 08:42:24,4,nan,nan,nan,nan,nan,nan,nan,nan,nan,nan
880,2831,2,174,16,,32,2021-06-04 12:55:27,2021-06-04 12:55:27,6,nan,nan,nan,nan,nan,nan,nan,nan,nan,nan
881,2832,2,174,17,,8,2021-06-04 12:55:27,2021-06-04 12:55:27,nan,10,nan,nan,nan,nan,nan,nan,nan,nan,nan
882,2833,2,174,18,,31,2021-06-04 12:55:27,2021-06-04 12:55:27,nan,nan,5,nan,nan,nan,nan,nan,nan,nan,nan
883,2834,2,174,19,,11,2021-06-04 12:55:27,2021-06-04 12:55:27,nan,nan,nan,0,nan,nan,nan,nan,nan,nan,nan
884,2835,2,174,20,,30,2021-06-04 12:55:27,2021-06-04 12:55:27,nan,nan,nan,nan,4,nan,nan,nan,nan,nan,nan
885,2836,2,174,21,,31,2021-06-04 12:55:27,2021-06-04 12:55:27,nan,nan,nan,nan,nan,5,nan,nan,nan,nan,nan
886,2837,2,174,22,,35,2021-06-04 12:55:27,2021-06-04 12:55:27,nan,nan,nan,nan,nan,nan,9,nan,nan,nan,nan
887,2838,2,174,23,,31,2021-06-04 12:55:27,2021-06-04 12:55:27,nan,nan,nan,nan,nan,nan,nan,5,nan,nan,nan
888,2839,2,174,24,,31,2021-06-04 12:55:27,2021-06-04 12:55:27,nan,nan,nan,nan,nan,nan,nan,nan,5,nan,nan
889,2840,2,174,25,,33,2021-06-04 12:55:27,2021-06-04 12:55:27,nan,nan,nan,nan,nan,nan,nan,nan,nan,7,nan
890,2841,2,174,26,,33,2021-06-04 12:55:27,2021-06-04 12:55:27,nan,nan,nan,nan,nan,nan,nan,nan,nan,nan,7
